-- Tue, 11 Jun 2013 21:11:03 GMT
/*!40101 SET @OLD_CHARACTER_SET_CLIENT=@@CHARACTER_SET_CLIENT */;
/*!40014 SET FOREIGN_KEY_CHECKS=0 */;
-- Dumping database structure for aapent_test
DROP DATABASE IF EXISTS `aapent_test`;
CREATE DATABASE `aapent_test` /*!40100 DEFAULT CHARACTER SET utf8 */;
USE `aapent_test`;


-- Dumping structure for table aapent_test.debug
DROP TABLE IF EXISTS `debug`;
CREATE TABLE `debug` (
  `debug_id` smallint(6) NOT NULL AUTO_INCREMENT,
  `debug_session` smallint(6) NOT NULL DEFAULT '0',
  `debug_level` mediumint(1) NOT NULL COMMENT 'Predefined level',
  `debug_data` text NOT NULL COMMENT 'Debug data',
  `debug_file` varchar(255) NOT NULL DEFAULT '',
  `debug_line` smallint(6) NOT NULL DEFAULT '0',
  `debug_backtrack` longtext,
  `debug_trace` longtext,
  `debug_type` varchar(50) NOT NULL DEFAULT '' COMMENT 'Data type',
  `debug_registered` timestamp NOT NULL DEFAULT CURRENT_TIMESTAMP,
  PRIMARY KEY (`debug_id`)
) ENGINE=InnoDB DEFAULT CHARSET=utf8;


-- Dumping data for table aapent_test.debug: ~0 rows (approximately)


-- Dumping structure for table aapent_test.error
DROP TABLE IF EXISTS `error`;
CREATE TABLE `error` (
  `error_id` smallint(6) NOT NULL AUTO_INCREMENT,
  `error_kill` mediumint(1) NOT NULL DEFAULT '0' COMMENT 'Error killed response',
  `error_code` smallint(6) NOT NULL DEFAULT '0' COMMENT 'Error PHP code',
  `error_message` text NOT NULL,
  `error_file` varchar(255) NOT NULL DEFAULT '',
  `error_line` smallint(6) NOT NULL DEFAULT '0',
  `error_occured` smallint(6) NOT NULL DEFAULT '1',
  `error_url` varchar(255) NOT NULL DEFAULT '',
  `error_backtrack` longtext,
  `error_trace` longtext,
  `error_query` text,
  `error_exception` varchar(50) NOT NULL DEFAULT '',
  `error_updated` timestamp NULL DEFAULT NULL,
  `error_registered` timestamp NOT NULL DEFAULT CURRENT_TIMESTAMP,
  PRIMARY KEY (`error_id`),
  UNIQUE KEY `error_unique` (`error_file`,`error_line`)
) ENGINE=InnoDB AUTO_INCREMENT=2 DEFAULT CHARSET=utf8;


-- Dumping structure for table aapent_test.feature
DROP TABLE IF EXISTS `feature`;
CREATE TABLE `feature` (
  `feature_type` varchar(100) NOT NULL,
  `feature_value` text NOT NULL,
  `feature_updated` datetime DEFAULT NULL,
  `feature_registered` timestamp NOT NULL DEFAULT CURRENT_TIMESTAMP,
  PRIMARY KEY (`feature_type`)
) ENGINE=InnoDB DEFAULT CHARSET=utf8;


-- Dumping data for table aapent_test.feature: ~1 rows (approximately)
/*!40000 ALTER TABLE `feature` DISABLE KEYS */;
INSERT INTO `feature` (`feature_type`, `feature_value`, `feature_updated`, `feature_registered`) VALUES
	('specialdays', '{\r\n	\"mon\" : {\r\n		\"name\" : \"Monday\",\r\n		\"grocery_or_supermarket\" : {\r\n			\"alcohol\" : \"20:00\"\r\n		}\r\n	},\r\n	\"tue\" : {\r\n		\"name\" : \"Tuesday\",\r\n		\"grocery_or_supermarket\" : {\r\n			\"alcohol\" : \"20:00\"\r\n		}\r\n	},\r\n	\"wed\" : {\r\n		\"name\" : \"Wednesday\",\r\n		\"grocery_or_supermarket\" : {\r\n			\"alcohol\" : \"20:00\"\r\n		}\r\n	},\r\n	\"thu\" : {\r\n		\"name\" : \"Thursday\",\r\n		\"grocery_or_supermarket\" : {\r\n			\"alcohol\" : \"20:00\"\r\n		}\r\n	},\r\n	\"fri\" : {\r\n		\"name\" : \"Friday\",\r\n		\"grocery_or_supermarket\" : {\r\n			\"alcohol\" : \"20:00\"\r\n		}\r\n	},\r\n	\"sat\" : {\r\n		\"name\" : \"Satuday\",\r\n		\"grocery_or_supermarket\" : {\r\n			\"alcohol\" : \"18:00\"\r\n		}\r\n	},\r\n	\"sun\" : {\r\n		\"name\" : \"Sunday\",\r\n		\"grocery_or_supermarket\" : {\r\n			\"alcohol\" : \"closed\"\r\n		}\r\n	},\r\n	\"1356994800000\" : {\r\n		\"name\" : \"Første nyttårsdag\",\r\n		\"grocery_or_supermarket\" : {\r\n			\"hours\" : \"closed\",\r\n			\"alcohol\" : \"closed\"\r\n		}\r\n	},\r\n	\"1364338800000\" : {\r\n		\"name\" : \"Skjærtorsdag\",\r\n		\"grocery_or_supermarket\" : {\r\n			\"hours\" : \"sat\",\r\n			\"alcohol\" : \"sat\"\r\n		}\r\n	},\r\n	\"1364425200000\" : {\r\n		\"name\" : \"Skjærtorsdag\",\r\n		\"grocery_or_supermarket\" : {\r\n			\"hours\" : \"closed\",\r\n			\"alcohol\" : \"closed\"\r\n		}\r\n	},\r\n	\"1364511600000\" : {\r\n		\"name\" : \"Langfredag\",\r\n		\"grocery_or_supermarket\" : {\r\n			\"hours\" : \"closed\",\r\n			\"alcohol\" : \"closed\"\r\n		}\r\n	},\r\n	\"1364598000000\" : {\r\n		\"name\" : \"Påskeaften\",\r\n		\"grocery_or_supermarket\" : {\r\n			\"alcohol\" : \"15:00\"\r\n		}\r\n	},\r\n	\"1364684400000\" : {\r\n		\"name\" : \"Første påskedag\",\r\n		\"grocery_or_supermarket\" : {\r\n			\"hours\" : \"closed\",\r\n			\"alcohol\" : \"closed\"\r\n		}\r\n	},\r\n	\"1364767200000\" : {\r\n		\"name\" : \"Andre påskedag\",\r\n		\"grocery_or_supermarket\" : {\r\n			\"hours\" : \"closed\",\r\n			\"alcohol\" : \"closed\"\r\n		}\r\n	},\r\n	\"1367359200000\" : {\r\n		\"name\" : \"Arbeidernes dag\",\r\n		\"grocery_or_supermarket\" : {\r\n			\"hours\" : \"closed\",\r\n			\"alcohol\" : \"closed\"\r\n		}\r\n	},\r\n	\"1368050400000\" : {\r\n		\"name\" : \"Kristi himmelfartsdag\",\r\n		\"grocery_or_supermarket\" : {\r\n			\"hours\" : \"closed\",\r\n			\"alcohol\" : \"closed\"\r\n		}\r\n	},\r\n	\"1368741600000\" : {\r\n		\"name\" : \"Grunnlovsdagen\",\r\n		\"grocery_or_supermarket\" : {\r\n			\"hours\" : \"closed\",\r\n			\"alcohol\" : \"closed\"\r\n		}\r\n	},\r\n	\"1368828000000\" : {\r\n		\"name\" : \"Pinsedagen\",\r\n		\"grocery_or_supermarket\" : {\r\n			\"alcohol\" : \"15:00\"\r\n		}\r\n	},\r\n	\"1368914400000\" : {\r\n		\"name\" : \"Første pinsedag\",\r\n		\"grocery_or_supermarket\" : {\r\n			\"hours\" : \"closed\",\r\n			\"alcohol\" : \"closed\"\r\n		}\r\n	},\r\n	\"1369000800000\" : {\r\n		\"name\" : \"Andre pinsedag\",\r\n		\"grocery_or_supermarket\" : {\r\n			\"hours\" : \"closed\",\r\n			\"alcohol\" : \"closed\"\r\n		}\r\n	},\r\n	\"1387839600000\" : {\r\n		\"name\" : \"Juleaften\",\r\n		\"grocery_or_supermarket\" : {\r\n			\"alcohol\" : \"15:00\"\r\n		}\r\n	},\r\n	\"1387926000000\" : {\r\n		\"name\" : \"Første juledag\",\r\n		\"grocery_or_supermarket\" : {\r\n			\"hours\" : \"closed\",\r\n			\"alcohol\" : \"closed\"\r\n		}\r\n	},\r\n	\"1388012400000\" : {\r\n		\"name\" : \"Andre juledag\",\r\n		\"grocery_or_supermarket\" : {\r\n			\"hours\" : \"closed\",\r\n			\"alcohol\" : \"closed\"\r\n		}\r\n	},\r\n	\"1388444400000\" : {\r\n		\"name\" : \"Nyttårsaften\",\r\n		\"grocery_or_supermarket\" : {\r\n			\"alcohol\" : \"15:00\"\r\n		}\r\n	}\r\n}', NULL, '2013-06-06 04:05:28');
/*!40000 ALTER TABLE `feature` ENABLE KEYS */;


-- Dumping structure for table aapent_test.place
DROP TABLE IF EXISTS `place`;
CREATE TABLE `place` (
  `place_id` mediumint(8) unsigned NOT NULL AUTO_INCREMENT,
  `place_id_place` varchar(100) DEFAULT NULL,
  `place_name` varchar(255) DEFAULT NULL,
  `place_info` text COMMENT 'Address, Information, JSON',
  `place_location_lat` double DEFAULT NULL,
  `place_location_long` double DEFAULT NULL,
  `place_hours` text COMMENT 'JSON',
  `place_features` text COMMENT 'JSON',
  `place_updated` datetime DEFAULT NULL,
  `place_registered` timestamp NOT NULL DEFAULT CURRENT_TIMESTAMP ON UPDATE CURRENT_TIMESTAMP,
  `place_group` tinyint(3) DEFAULT NULL,
  PRIMARY KEY (`place_id`),
  KEY `place_group` (`place_group`),
  CONSTRAINT `place_ibfk_1` FOREIGN KEY (`place_group`) REFERENCES `place_group` (`place_group_id`) ON DELETE SET NULL ON UPDATE CASCADE
) ENGINE=InnoDB AUTO_INCREMENT=8437 DEFAULT CHARSET=utf8;


-- Dumping data for table aapent_test.place: ~120 rows (approximately)
/*!40000 ALTER TABLE `place` DISABLE KEYS */;
INSERT INTO `place` (`place_id`, `place_id_place`, `place_name`, `place_info`, `place_location_lat`, `place_location_long`, `place_hours`, `place_features`, `place_updated`, `place_registered`, `place_group`) VALUES
	(3580, 1775, 'Rimi Bergen Storsenter', '{\"address\":\"Str\\u00f8mgt. 8\",\"addressFormatted\":\"Str\\u00f8mgt. 8, Bergen, Norge\",\"city\":\"Bergen\",\"zip\":\"5015\",\"phone\":\"55 31 75 75\",\"municipal\":\"Bergen\",\"county\":\"Hordaland\",\"link\":null,\"email\":null,\"country\":\"Norge\"}', 60.3892380807, 5.33178371089, '{\"regular\":{\"mon\":[\"07:00\",\"23:00\"],\"tue\":[\"07:00\",\"23:00\"],\"wed\":[\"07:00\",\"23:00\"],\"thu\":[\"07:00\",\"23:00\"],\"fri\":[\"07:00\",\"23:00\"],\"sat\":[\"08:00\",\"21:00\"],\"sun\":\"closed\"},\"holidays\":[]}', '[]', NULL, '2013-06-05 13:23:44', 1);
INSERT INTO `place` (`place_id`, `place_id_place`, `place_name`, `place_info`, `place_location_lat`, `place_location_long`, `place_hours`, `place_features`, `place_updated`, `place_registered`, `place_group`) VALUES
	(3602, 1746, 'Rimi Bønes', '{\"address\":\"Tj\\u00f8rnhaugen 1\",\"addressFormatted\":\"Tj\\u00f8rnhaugen 1, B\\u00d8nes, Norge\",\"city\":\"B\\u00d8nes\",\"zip\":\"5152\",\"phone\":\"55 12 36 30\",\"municipal\":\"Bergen\",\"county\":\"Hordaland\",\"link\":null,\"email\":null,\"country\":\"Norge\"}', 60.3334564404, 5.30200997411, '{\"regular\":{\"mon\":[\"07:00\",\"23:00\"],\"tue\":[\"07:00\",\"23:00\"],\"wed\":[\"07:00\",\"23:00\"],\"thu\":[\"07:00\",\"23:00\"],\"fri\":[\"07:00\",\"23:00\"],\"sat\":[\"08:00\",\"21:00\"],\"sun\":\"closed\"},\"holidays\":[]}', '[\"package\",\"tipping\"]', NULL, '2013-06-05 13:23:44', 1);
INSERT INTO `place` (`place_id`, `place_id_place`, `place_name`, `place_info`, `place_location_lat`, `place_location_long`, `place_hours`, `place_features`, `place_updated`, `place_registered`, `place_group`) VALUES
	(3608, 1748, 'Rimi Damsgård', '{\"address\":\"Damsg\\u00e5rdsveien 205\",\"addressFormatted\":\"Damsg\\u00e5rdsveien 205, Laksev\\u00c5g, Norge\",\"city\":\"Laksev\\u00c5g\",\"zip\":\"5162\",\"phone\":\"55 34 73 50\",\"municipal\":\"Bergen\",\"county\":\"Hordaland\",\"link\":null,\"email\":null,\"country\":\"Norge\"}', 60.3865394292, 5.29971336193, '{\"regular\":{\"mon\":[\"07:00\",\"23:00\"],\"tue\":[\"07:00\",\"23:00\"],\"wed\":[\"07:00\",\"23:00\"],\"thu\":[\"07:00\",\"23:00\"],\"fri\":[\"07:00\",\"23:00\"],\"sat\":[\"08:00\",\"21:00\"],\"sun\":\"closed\"},\"holidays\":[]}', '[\"package\",\"tipping\",\"post\"]', NULL, '2013-06-05 13:23:44', 1);
INSERT INTO `place` (`place_id`, `place_id_place`, `place_name`, `place_info`, `place_location_lat`, `place_location_long`, `place_hours`, `place_features`, `place_updated`, `place_registered`, `place_group`) VALUES
	(3609, 1760, 'Rimi Danmarksplass', '{\"address\":\"Solheimsgt. 23\",\"addressFormatted\":\"Solheimsgt. 23, Bergen, Norge\",\"city\":\"Bergen\",\"zip\":\"5054\",\"phone\":\"55 59 06 60\",\"municipal\":\"Bergen\",\"county\":\"Hordaland\",\"link\":null,\"email\":null,\"country\":\"Norge\"}', 60.3758136016, 5.33793686865, '{\"regular\":{\"mon\":[\"07:00\",\"23:00\"],\"tue\":[\"07:00\",\"23:00\"],\"wed\":[\"07:00\",\"23:00\"],\"thu\":[\"07:00\",\"23:00\"],\"fri\":[\"07:00\",\"23:00\"],\"sat\":[\"08:00\",\"21:00\"],\"sun\":\"closed\"},\"holidays\":[]}', '[\"package\"]', NULL, '2013-06-05 13:23:44', 1);
INSERT INTO `place` (`place_id`, `place_id_place`, `place_name`, `place_info`, `place_location_lat`, `place_location_long`, `place_hours`, `place_features`, `place_updated`, `place_registered`, `place_group`) VALUES
	(3648, 1777, 'Rimi Gågaten', '{\"address\":\"C. Sundts Gate 10\",\"addressFormatted\":\"C. Sundts Gate 10, Bergen, Norge\",\"city\":\"Bergen\",\"zip\":\"5004\",\"phone\":\"55 23 16 30\",\"municipal\":\"Bergen\",\"county\":\"Hordaland\",\"link\":null,\"email\":null,\"country\":\"Norge\"}', 60.3955382895, 5.31902085548, '{\"regular\":{\"mon\":[\"07:00\",\"23:00\"],\"tue\":[\"07:00\",\"23:00\"],\"wed\":[\"07:00\",\"23:00\"],\"thu\":[\"07:00\",\"23:00\"],\"fri\":[\"07:00\",\"23:00\"],\"sat\":[\"08:00\",\"21:00\"],\"sun\":\"closed\"},\"holidays\":[]}', '[\"package\",\"tipping\"]', NULL, '2013-06-05 13:23:44', 1);
INSERT INTO `place` (`place_id`, `place_id_place`, `place_name`, `place_info`, `place_location_lat`, `place_location_long`, `place_hours`, `place_features`, `place_updated`, `place_registered`, `place_group`) VALUES
	(3653, 1753, 'Rimi Hansaparken', '{\"address\":\"Kalfarveien 76\",\"addressFormatted\":\"Kalfarveien 76, Bergen, Norge\",\"city\":\"Bergen\",\"zip\":\"5018\",\"phone\":\"55 31 79 99\",\"municipal\":\"Bergen\",\"county\":\"Hordaland\",\"link\":null,\"email\":null,\"country\":\"Norge\"}', 60.3864520179, 5.34771251909, '{\"regular\":{\"mon\":[\"07:00\",\"23:00\"],\"tue\":[\"07:00\",\"23:00\"],\"wed\":[\"07:00\",\"23:00\"],\"thu\":[\"07:00\",\"23:00\"],\"fri\":[\"07:00\",\"23:00\"],\"sat\":[\"08:00\",\"21:00\"],\"sun\":\"closed\"},\"holidays\":[]}', '[\"tipping\",\"post\"]', NULL, '2013-06-05 13:23:44', 1);
INSERT INTO `place` (`place_id`, `place_id_place`, `place_name`, `place_info`, `place_location_lat`, `place_location_long`, `place_hours`, `place_features`, `place_updated`, `place_registered`, `place_group`) VALUES
	(3660, 1759, 'Rimi Helleveien', '{\"address\":\"Helleveien 263\",\"addressFormatted\":\"Helleveien 263, Bergen, Norge\",\"city\":\"Bergen\",\"zip\":\"5039\",\"phone\":\"55 25 82 05\",\"municipal\":\"Bergen\",\"county\":\"Hordaland\",\"link\":null,\"email\":null,\"country\":\"Norge\"}', 60.4367298923, 5.28648311717, '{\"regular\":{\"mon\":[\"07:00\",\"23:00\"],\"tue\":[\"07:00\",\"23:00\"],\"wed\":[\"07:00\",\"23:00\"],\"thu\":[\"07:00\",\"23:00\"],\"fri\":[\"07:00\",\"23:00\"],\"sat\":[\"08:00\",\"21:00\"],\"sun\":\"closed\"},\"holidays\":[]}', '[\"package\",\"tipping\",\"post\"]', NULL, '2013-06-05 13:23:44', 1);
INSERT INTO `place` (`place_id`, `place_id_place`, `place_name`, `place_info`, `place_location_lat`, `place_location_long`, `place_hours`, `place_features`, `place_updated`, `place_registered`, `place_group`) VALUES
	(3680, 1774, 'Rimi Håkonsgaten', '{\"address\":\"H\\u00e5konsgaten 36\",\"addressFormatted\":\"H\\u00e5konsgaten 36, Bergen, Norge\",\"city\":\"Bergen\",\"zip\":\"5015\",\"phone\":\"55 32 52 60\",\"municipal\":\"Bergen\",\"county\":\"Hordaland\",\"link\":null,\"email\":null,\"country\":\"Norge\"}', 60.3900760771, 5.3216265748, '{\"regular\":{\"mon\":[\"07:00\",\"23:00\"],\"tue\":[\"07:00\",\"23:00\"],\"wed\":[\"07:00\",\"23:00\"],\"thu\":[\"07:00\",\"23:00\"],\"fri\":[\"07:00\",\"23:00\"],\"sat\":[\"08:00\",\"21:00\"],\"sun\":\"closed\"},\"holidays\":[]}', '[\"tipping\",\"post\"]', NULL, '2013-06-05 13:23:44', 1);
INSERT INTO `place` (`place_id`, `place_id_place`, `place_name`, `place_info`, `place_location_lat`, `place_location_long`, `place_hours`, `place_features`, `place_updated`, `place_registered`, `place_group`) VALUES
	(3710, 1743, 'Rimi Lone', '{\"address\":\"Hardangerveien 701\",\"addressFormatted\":\"Hardangerveien 701, Haukeland, Norge\",\"city\":\"Haukeland\",\"zip\":\"5268\",\"phone\":\"55 24 49 00\",\"municipal\":\"Bergen\",\"county\":\"Hordaland\",\"link\":null,\"email\":null,\"country\":\"Norge\"}', 60.3745277194, 5.45752850532, '{\"regular\":{\"mon\":[\"07:00\",\"23:00\"],\"tue\":[\"07:00\",\"23:00\"],\"wed\":[\"07:00\",\"23:00\"],\"thu\":[\"07:00\",\"23:00\"],\"fri\":[\"07:00\",\"23:00\"],\"sat\":[\"08:00\",\"21:00\"],\"sun\":\"closed\"},\"holidays\":[]}', '[\"package\"]', NULL, '2013-06-05 13:23:44', 1);
INSERT INTO `place` (`place_id`, `place_id_place`, `place_name`, `place_info`, `place_location_lat`, `place_location_long`, `place_hours`, `place_features`, `place_updated`, `place_registered`, `place_group`) VALUES
	(3719, 1780, 'Rimi Løvås', '{\"address\":\"L\\u00f8v\\u00e5sveien 20\",\"addressFormatted\":\"L\\u00f8v\\u00e5sveien 20, Fyllingsdalen, Norge\",\"city\":\"Fyllingsdalen\",\"zip\":\"5145\",\"phone\":\"55 16 02 62\",\"municipal\":\"Bergen\",\"county\":\"Hordaland\",\"link\":null,\"email\":null,\"country\":\"Norge\"}', 60.3558208064, 5.28977319427, '{\"regular\":{\"mon\":[\"07:00\",\"23:00\"],\"tue\":[\"07:00\",\"23:00\"],\"wed\":[\"07:00\",\"23:00\"],\"thu\":[\"07:00\",\"23:00\"],\"fri\":[\"07:00\",\"23:00\"],\"sat\":[\"08:00\",\"21:00\"],\"sun\":\"closed\"},\"holidays\":[]}', '[\"package\",\"tipping\",\"post\"]', NULL, '2013-06-05 13:23:44', 1);
INSERT INTO `place` (`place_id`, `place_id_place`, `place_name`, `place_info`, `place_location_lat`, `place_location_long`, `place_hours`, `place_features`, `place_updated`, `place_registered`, `place_group`) VALUES
	(3726, 1946, 'Rimi Marken', '{\"address\":\"Marken 3\",\"addressFormatted\":\"Marken 3, Bergen, Norge\",\"city\":\"Bergen\",\"zip\":\"5017\",\"phone\":\"55 31 20 24\",\"municipal\":\"Bergen\",\"county\":\"Hordaland\",\"link\":null,\"email\":null,\"country\":\"Norge\"}', 60.3920963466, 5.33017879507, '{\"regular\":{\"mon\":[\"07:00\",\"23:00\"],\"tue\":[\"07:00\",\"23:00\"],\"wed\":[\"07:00\",\"23:00\"],\"thu\":[\"07:00\",\"23:00\"],\"fri\":[\"07:00\",\"23:00\"],\"sat\":[\"08:00\",\"21:00\"],\"sun\":\"closed\"},\"holidays\":[]}', '[\"tipping\",\"post\"]', NULL, '2013-06-05 13:23:44', 1);
INSERT INTO `place` (`place_id`, `place_id_place`, `place_name`, `place_info`, `place_location_lat`, `place_location_long`, `place_hours`, `place_features`, `place_updated`, `place_registered`, `place_group`) VALUES
	(3728, 1779, 'Rimi Mathopen', '{\"address\":\"Skareveien 1 A\",\"addressFormatted\":\"Skareveien 1 A, Mathopen, Norge\",\"city\":\"Mathopen\",\"zip\":\"5174\",\"phone\":\"55 26 81 11\",\"municipal\":\"Bergen\",\"county\":\"Hordaland\",\"link\":null,\"email\":null,\"country\":\"Norge\"}', 60.3337191661, 5.21151536177, '{\"regular\":{\"mon\":[\"07:00\",\"23:00\"],\"tue\":[\"07:00\",\"23:00\"],\"wed\":[\"07:00\",\"23:00\"],\"thu\":[\"07:00\",\"23:00\"],\"fri\":[\"07:00\",\"23:00\"],\"sat\":[\"08:00\",\"21:00\"],\"sun\":\"closed\"},\"holidays\":[]}', '[\"tipping\",\"post\"]', NULL, '2013-06-05 13:23:44', 1);
INSERT INTO `place` (`place_id`, `place_id_place`, `place_name`, `place_info`, `place_location_lat`, `place_location_long`, `place_hours`, `place_features`, `place_updated`, `place_registered`, `place_group`) VALUES
	(3730, 1747, 'Rimi Minde', '{\"address\":\"Minde \\u00c0lle 48\",\"addressFormatted\":\"Minde \\u00c0lle 48, Bergen, Norge\",\"city\":\"Bergen\",\"zip\":\"5068\",\"phone\":\"55 20 29 90\",\"municipal\":\"Bergen\",\"county\":\"Hordaland\",\"link\":null,\"email\":null,\"country\":\"Norge\"}', 60.3606894265, 5.34311267474, '{\"regular\":{\"mon\":[\"07:00\",\"23:00\"],\"tue\":[\"07:00\",\"23:00\"],\"wed\":[\"07:00\",\"23:00\"],\"thu\":[\"07:00\",\"23:00\"],\"fri\":[\"07:00\",\"23:00\"],\"sat\":[\"08:00\",\"21:00\"],\"sun\":\"closed\"},\"holidays\":[]}', '[\"tipping\",\"post\"]', NULL, '2013-06-05 13:23:44', 1);
INSERT INTO `place` (`place_id`, `place_id_place`, `place_name`, `place_info`, `place_location_lat`, `place_location_long`, `place_hours`, `place_features`, `place_updated`, `place_registered`, `place_group`) VALUES
	(3753, 1778, 'Rimi Olsvik', '{\"address\":\"Olsvikskjenet 155\\/157\",\"addressFormatted\":\"Olsvikskjenet 155\\/157, Olsvik, Norge\",\"city\":\"Olsvik\",\"zip\":\"5184\",\"phone\":\"55 93 42 70\",\"municipal\":\"Bergen\",\"county\":\"Hordaland\",\"link\":null,\"email\":null,\"country\":\"Norge\"}', 60.3850587151, 5.21795041639, '{\"regular\":{\"mon\":[\"07:00\",\"23:00\"],\"tue\":[\"07:00\",\"23:00\"],\"wed\":[\"07:00\",\"23:00\"],\"thu\":[\"07:00\",\"23:00\"],\"fri\":[\"07:00\",\"23:00\"],\"sat\":[\"08:00\",\"21:00\"],\"sun\":\"closed\"},\"holidays\":[]}', '[\"tipping\"]', NULL, '2013-06-05 13:23:44', 1);
INSERT INTO `place` (`place_id`, `place_id_place`, `place_name`, `place_info`, `place_location_lat`, `place_location_long`, `place_hours`, `place_features`, `place_updated`, `place_registered`, `place_group`) VALUES
	(3813, 1750, 'Rimi Steinsviken', '{\"address\":\"Steinsvikveien 256\",\"addressFormatted\":\"Steinsvikveien 256, R\\u00c5dal, Norge\",\"city\":\"R\\u00c5dal\",\"zip\":\"5239\",\"phone\":\"55 11 94 54\",\"municipal\":\"Bergen\",\"county\":\"Hordaland\",\"link\":null,\"email\":null,\"country\":\"Norge\"}', 60.3013243798, 5.3038220912, '{\"regular\":{\"mon\":[\"07:00\",\"23:00\"],\"tue\":[\"07:00\",\"23:00\"],\"wed\":[\"07:00\",\"23:00\"],\"thu\":[\"07:00\",\"23:00\"],\"fri\":[\"07:00\",\"23:00\"],\"sat\":[\"08:00\",\"21:00\"],\"sun\":\"closed\"},\"holidays\":[]}', '[\"package\",\"tipping\"]', NULL, '2013-06-05 13:23:44', 1);
INSERT INTO `place` (`place_id`, `place_id_place`, `place_name`, `place_info`, `place_location_lat`, `place_location_long`, `place_hours`, `place_features`, `place_updated`, `place_registered`, `place_group`) VALUES
	(3826, 1781, 'Rimi Sædalen', '{\"address\":\"S\\u00e6dalssvingene 3\",\"addressFormatted\":\"S\\u00e6dalssvingene 3, Bergen, Norge\",\"city\":\"Bergen\",\"zip\":\"5098\",\"phone\":\"55 92 22 90\",\"municipal\":\"Bergen\",\"county\":\"Hordaland\",\"link\":null,\"email\":null,\"country\":\"Norge\"}', 60.345103884, 5.39421123784, '{\"regular\":{\"mon\":[\"07:00\",\"23:00\"],\"tue\":[\"07:00\",\"23:00\"],\"wed\":[\"07:00\",\"23:00\"],\"thu\":[\"07:00\",\"23:00\"],\"fri\":[\"07:00\",\"23:00\"],\"sat\":[\"08:00\",\"21:00\"],\"sun\":\"closed\"},\"holidays\":[]}', '[\"tipping\",\"post\"]', NULL, '2013-06-05 13:23:44', 1);
INSERT INTO `place` (`place_id`, `place_id_place`, `place_name`, `place_info`, `place_location_lat`, `place_location_long`, `place_hours`, `place_features`, `place_updated`, `place_registered`, `place_group`) VALUES
	(3846, 1776, 'Rimi Ulset', '{\"address\":\"Hesthaugvn. 30\",\"addressFormatted\":\"Hesthaugvn. 30, Ulset, Norge\",\"city\":\"Ulset\",\"zip\":\"5119\",\"phone\":\"55 19 13 10\",\"municipal\":\"Bergen\",\"county\":\"Hordaland\",\"link\":null,\"email\":null,\"country\":\"Norge\"}', 60.4631018937, 5.31608555788, '{\"regular\":{\"mon\":[\"07:00\",\"23:00\"],\"tue\":[\"07:00\",\"23:00\"],\"wed\":[\"07:00\",\"23:00\"],\"thu\":[\"07:00\",\"23:00\"],\"fri\":[\"07:00\",\"23:00\"],\"sat\":[\"08:00\",\"21:00\"],\"sun\":\"closed\"},\"holidays\":[]}', '[\"tipping\"]', NULL, '2013-06-05 13:23:44', 1);
INSERT INTO `place` (`place_id`, `place_id_place`, `place_name`, `place_info`, `place_location_lat`, `place_location_long`, `place_hours`, `place_features`, `place_updated`, `place_registered`, `place_group`) VALUES
	(3875, 1751, 'Rimi Øvregaten', '{\"address\":\"\\u00d8vregaten 37\",\"addressFormatted\":\"\\u00d8vregaten 37, Bergen, Norge\",\"city\":\"Bergen\",\"zip\":\"5003\",\"phone\":\"55 56 02 50\",\"municipal\":\"Bergen\",\"county\":\"Hordaland\",\"link\":null,\"email\":null,\"country\":\"Norge\"}', 60.3984781796, 5.32444690374, '{\"regular\":{\"mon\":[\"07:00\",\"23:00\"],\"tue\":[\"07:00\",\"23:00\"],\"wed\":[\"07:00\",\"23:00\"],\"thu\":[\"07:00\",\"23:00\"],\"fri\":[\"07:00\",\"23:00\"],\"sat\":[\"08:00\",\"21:00\"],\"sun\":\"closed\"},\"holidays\":[]}', '[\"tipping\"]', NULL, '2013-06-05 13:23:44', 1);
INSERT INTO `place` (`place_id`, `place_id_place`, `place_name`, `place_info`, `place_location_lat`, `place_location_long`, `place_hours`, `place_features`, `place_updated`, `place_registered`, `place_group`) VALUES
	(5294, 7080001110963, 'Kiwi 884 Arnatveit', '{\"address\":\"Arnatveitvn.155\",\"addressFormatted\":\"Arnatveitvn.155, Arnatveit, Norge\",\"city\":\"Arnatveit\",\"zip\":\"5262\",\"phone\":\"55240751\",\"municipal\":null,\"county\":null,\"link\":\"\",\"email\":\"kiwi.arnatveit@ngbutikk.net\",\"country\":\"Norge\"}', 60.4074440002, 5.47637891769, '{\"regular\":{\"mon\":[\"07:00\",\"23:00\"],\"tue\":[\"07:00\",\"23:00\"],\"wed\":[\"07:00\",\"23:00\"],\"thu\":[\"07:00\",\"23:00\"],\"fri\":[\"07:00\",\"23:00\"],\"sat\":[\"09:00\",\"21:00\"],\"sun\":\"closed\"},\"holidays\":[]}', '[\"bank\",\"tipping\"]', NULL, '2013-06-05 13:34:11', 2);
INSERT INTO `place` (`place_id`, `place_id_place`, `place_name`, `place_info`, `place_location_lat`, `place_location_long`, `place_hours`, `place_features`, `place_updated`, `place_registered`, `place_group`) VALUES
	(5295, 7080001074500, 'Kiwi 868 Nesttun', '{\"address\":\"Osveien 3\",\"addressFormatted\":\"Osveien 3, Nesttun, Norge\",\"city\":\"Nesttun\",\"zip\":\"5227\",\"phone\":\"55133691\",\"municipal\":null,\"county\":null,\"link\":\"\",\"email\":\"kiwi.nesttun@ngbutikk.net\",\"country\":\"Norge\"}', 60.312953949, 5.35654354095, '{\"regular\":{\"mon\":[\"07:00\",\"23:00\"],\"tue\":[\"07:00\",\"23:00\"],\"wed\":[\"07:00\",\"23:00\"],\"thu\":[\"07:00\",\"23:00\"],\"fri\":[\"07:00\",\"23:00\"],\"sat\":[\"07:00\",\"23:00\"],\"sun\":\"closed\"},\"holidays\":[]}', '[\"bank\",\"tipping\"]', NULL, '2013-06-05 13:34:11', 2);
INSERT INTO `place` (`place_id`, `place_id_place`, `place_name`, `place_info`, `place_location_lat`, `place_location_long`, `place_hours`, `place_features`, `place_updated`, `place_registered`, `place_group`) VALUES
	(5296, 7080001166342, 'Kiwi 888 Indre Arna', '{\"address\":\"St\\u00f8lsvegen 1\",\"addressFormatted\":\"St\\u00f8lsvegen 1, Indre Arna, Norge\",\"city\":\"Indre Arna\",\"zip\":\"5260\",\"phone\":\"55191155\",\"municipal\":null,\"county\":null,\"link\":\"\",\"email\":\"kiwi.indrearna@ngbutikk.net\",\"country\":\"Norge\"}', 60.4247741699, 5.46783447266, '{\"regular\":{\"mon\":[\"07:00\",\"23:00\"],\"tue\":[\"07:00\",\"23:00\"],\"wed\":[\"07:00\",\"23:00\"],\"thu\":[\"07:00\",\"23:00\"],\"fri\":[\"07:00\",\"23:00\"],\"sat\":[\"07:00\",\"23:00\"],\"sun\":\"closed\"},\"holidays\":[]}', '[\"bank\",\"tipping\"]', NULL, '2013-06-05 13:34:11', 2);
INSERT INTO `place` (`place_id`, `place_id_place`, `place_name`, `place_info`, `place_location_lat`, `place_location_long`, `place_hours`, `place_features`, `place_updated`, `place_registered`, `place_group`) VALUES
	(5299, 7080001088774, 'Kiwi 875 Birkelundstoppen', '{\"address\":\"Birkelundsbakken 59\",\"addressFormatted\":\"Birkelundsbakken 59, Paradis, Norge\",\"city\":\"Paradis\",\"zip\":\"5231\",\"phone\":\"55924180\",\"municipal\":null,\"county\":null,\"link\":\"\",\"email\":\"kiwi.birkelundstoppen@ngbutikk.net\",\"country\":\"Norge\"}', 60.3451461792, 5.36506652832, '{\"regular\":{\"mon\":[\"07:00\",\"23:00\"],\"tue\":[\"07:00\",\"23:00\"],\"wed\":[\"07:00\",\"23:00\"],\"thu\":[\"07:00\",\"23:00\"],\"fri\":[\"07:00\",\"23:00\"],\"sat\":[\"07:00\",\"23:00\"],\"sun\":null},\"holidays\":[]}', '[\"bank\",\"tipping\"]', NULL, '2013-06-05 13:34:11', 2);
INSERT INTO `place` (`place_id`, `place_id_place`, `place_name`, `place_info`, `place_location_lat`, `place_location_long`, `place_hours`, `place_features`, `place_updated`, `place_registered`, `place_group`) VALUES
	(5300, 7080000908660, 'Kiwi 856 Sørås', '{\"address\":\"Folldalslia 1\",\"addressFormatted\":\"Folldalslia 1, R\\u00c5dal, Norge\",\"city\":\"R\\u00c5dal\",\"zip\":\"5239\",\"phone\":\"55131120\",\"municipal\":null,\"county\":null,\"link\":\"\",\"email\":\"kiwi.soras@ngbutikk.net\",\"country\":\"Norge\"}', 60.2974243164, 5.31693458557, '{\"regular\":{\"mon\":[\"07:00\",\"23:00\"],\"tue\":[\"07:00\",\"23:00\"],\"wed\":[\"07:00\",\"23:00\"],\"thu\":[\"07:00\",\"23:00\"],\"fri\":[\"07:00\",\"23:00\"],\"sat\":[\"07:00\",\"23:00\"],\"sun\":null},\"holidays\":[]}', '[\"bank\",\"tipping\"]', NULL, '2013-06-05 13:34:11', 2);
INSERT INTO `place` (`place_id`, `place_id_place`, `place_name`, `place_info`, `place_location_lat`, `place_location_long`, `place_hours`, `place_features`, `place_updated`, `place_registered`, `place_group`) VALUES
	(5301, 7080000908684, 'Kiwi 858 Birkeveien', '{\"address\":\"Birkeveien 43\",\"addressFormatted\":\"Birkeveien 43, Bergen, Norge\",\"city\":\"Bergen\",\"zip\":\"5089\",\"phone\":\"55 28 04 65\",\"municipal\":null,\"county\":null,\"link\":\"\",\"email\":\"kiwi.birkeveien@ngbutikk.net\",\"country\":\"Norge\"}', 60.3606185913, 5.36478948593, '{\"regular\":{\"mon\":[\"07:00\",\"23:00\"],\"tue\":[\"07:00\",\"23:00\"],\"wed\":[\"07:00\",\"23:00\"],\"thu\":[\"07:00\",\"23:00\"],\"fri\":[\"07:00\",\"23:00\"],\"sat\":[\"09:00\",\"21:00\"],\"sun\":null},\"holidays\":[]}', '[\"bank\",\"tipping\"]', NULL, '2013-06-05 13:34:11', 2);
INSERT INTO `place` (`place_id`, `place_id_place`, `place_name`, `place_info`, `place_location_lat`, `place_location_long`, `place_hours`, `place_features`, `place_updated`, `place_registered`, `place_group`) VALUES
	(5303, 7080000891658, 'Kiwi 807 Fjøsanger', '{\"address\":\"Fj\\u00f8sangerveien 215\",\"addressFormatted\":\"Fj\\u00f8sangerveien 215, Bergen, Norge\",\"city\":\"Bergen\",\"zip\":\"5073\",\"phone\":\"55281213\",\"municipal\":null,\"county\":null,\"link\":\"\",\"email\":\"kiwi.fjosanger@ngbutikk.net\",\"country\":\"Norge\"}', 60.3487281799, 5.33591270447, '{\"regular\":{\"mon\":[\"07:00\",\"23:00\"],\"tue\":[\"07:00\",\"23:00\"],\"wed\":[\"07:00\",\"23:00\"],\"thu\":[\"07:00\",\"23:00\"],\"fri\":[\"07:00\",\"23:00\"],\"sat\":[\"07:00\",\"23:00\"],\"sun\":\"closed\"},\"holidays\":[]}', '[\"bank\",\"tipping\"]', NULL, '2013-06-05 13:34:11', 2);
INSERT INTO `place` (`place_id`, `place_id_place`, `place_name`, `place_info`, `place_location_lat`, `place_location_long`, `place_hours`, `place_features`, `place_updated`, `place_registered`, `place_group`) VALUES
	(5304, 7080001006624, 'Kiwi 865 Bjørnsonsgate', '{\"address\":\"Bj\\u00f8rnsonsgate 29\",\"addressFormatted\":\"Bj\\u00f8rnsonsgate 29, Bergen, Norge\",\"city\":\"Bergen\",\"zip\":\"5052\",\"phone\":\"55296353\",\"municipal\":null,\"county\":null,\"link\":\"\",\"email\":\"kiwi.bjornsonsgaten@ngbutikk.net\",\"country\":\"Norge\"}', 60.3718261719, 5.34740638733, '{\"regular\":{\"mon\":[\"07:00\",\"23:00\"],\"tue\":[\"07:00\",\"23:00\"],\"wed\":[\"07:00\",\"23:00\"],\"thu\":[\"07:00\",\"23:00\"],\"fri\":[\"07:00\",\"23:00\"],\"sat\":[\"07:00\",\"23:00\"],\"sun\":\"closed\"},\"holidays\":[]}', '[\"bank\",\"tipping\"]', NULL, '2013-06-05 13:34:11', 2);
INSERT INTO `place` (`place_id`, `place_id_place`, `place_name`, `place_info`, `place_location_lat`, `place_location_long`, `place_hours`, `place_features`, `place_updated`, `place_registered`, `place_group`) VALUES
	(5305, 7080003452580, 'Kiwi 818 Bøhmergaten', '{\"address\":\"B\\u00f8hmergaten 44\",\"addressFormatted\":\"B\\u00f8hmergaten 44, Bergen, Norge\",\"city\":\"Bergen\",\"zip\":\"5057\",\"phone\":\"55200617\",\"municipal\":null,\"county\":null,\"link\":\"\",\"email\":\"kiwi.bohmergaten@ngbutikk.net\",\"country\":\"Norge\"}', 60.3758392334, 5.33483314514, '{\"regular\":{\"mon\":[\"07:00\",\"23:00\"],\"tue\":[\"07:00\",\"23:00\"],\"wed\":[\"07:00\",\"23:00\"],\"thu\":[\"07:00\",\"23:00\"],\"fri\":[\"07:00\",\"23:00\"],\"sat\":[\"07:00\",\"23:00\"],\"sun\":\"closed\"},\"holidays\":[]}', '[\"bank\",\"tipping\"]', NULL, '2013-06-05 13:34:11', 2);
INSERT INTO `place` (`place_id`, `place_id_place`, `place_name`, `place_info`, `place_location_lat`, `place_location_long`, `place_hours`, `place_features`, `place_updated`, `place_registered`, `place_group`) VALUES
	(5306, 7080001178307, 'Kiwi 889 Søreide', '{\"address\":\"Ytrebygdsveien 41\",\"addressFormatted\":\"Ytrebygdsveien 41, S\\u00d8reidgrend, Norge\",\"city\":\"S\\u00d8reidgrend\",\"zip\":\"5251\",\"phone\":\"55913198\",\"municipal\":null,\"county\":null,\"link\":\"\",\"email\":\"kiwi.soreide@ngbutikk.net\",\"country\":\"Norge\"}', 60.3154640198, 5.27024650574, '{\"regular\":{\"mon\":[\"07:00\",\"23:00\"],\"tue\":[\"07:00\",\"23:00\"],\"wed\":[\"07:00\",\"23:00\"],\"thu\":[\"07:00\",\"23:00\"],\"fri\":[\"07:00\",\"23:00\"],\"sat\":[\"07:00\",\"23:00\"],\"sun\":\"closed\"},\"holidays\":[]}', '[\"bank\",\"tipping\"]', NULL, '2013-06-05 13:34:11', 2);
INSERT INTO `place` (`place_id`, `place_id_place`, `place_name`, `place_info`, `place_location_lat`, `place_location_long`, `place_hours`, `place_features`, `place_updated`, `place_registered`, `place_group`) VALUES
	(5307, 7080001251949, 'Kiwi 824 Aasegården', '{\"address\":\"Vestre Str\\u00f8mkaien 9\",\"addressFormatted\":\"Vestre Str\\u00f8mkaien 9, Bergen, Norge\",\"city\":\"Bergen\",\"zip\":\"5008\",\"phone\":\"55320165\",\"municipal\":null,\"county\":null,\"link\":\"\",\"email\":\"kiwi.aasegarden@ngbutikk.net\",\"country\":\"Norge\"}', 60.387096405, 5.3318271637, '{\"regular\":{\"mon\":[\"07:00\",\"23:00\"],\"tue\":[\"07:00\",\"23:00\"],\"wed\":[\"07:00\",\"23:00\"],\"thu\":[\"07:00\",\"23:00\"],\"fri\":[\"07:00\",\"23:00\"],\"sat\":[\"07:00\",\"23:00\"],\"sun\":\"closed\"},\"holidays\":[]}', '[\"bank\",\"tipping\"]', NULL, '2013-06-05 13:34:11', 2);
INSERT INTO `place` (`place_id`, `place_id_place`, `place_name`, `place_info`, `place_location_lat`, `place_location_long`, `place_hours`, `place_features`, `place_updated`, `place_registered`, `place_group`) VALUES
	(5308, 7080001173265, 'Kiwi 886 Oasen', '{\"address\":\"Folkes Bernadottesvei 52\",\"addressFormatted\":\"Folkes Bernadottesvei 52, Fyllingsdalen, Norge\",\"city\":\"Fyllingsdalen\",\"zip\":\"5147\",\"phone\":\"55 16 12 60\",\"municipal\":null,\"county\":null,\"link\":\"\",\"email\":\"kiwi.oasen@ngbutikk.net\",\"country\":\"Norge\"}', 60.3480377197, 5.2918586731, '{\"regular\":{\"mon\":[\"07:00\",\"23:00\"],\"tue\":[\"07:00\",\"23:00\"],\"wed\":[\"07:00\",\"23:00\"],\"thu\":[\"07:00\",\"23:00\"],\"fri\":[\"07:00\",\"23:00\"],\"sat\":[\"07:00\",\"23:00\"],\"sun\":[\"09:00\",\"23:00\"]},\"holidays\":[]}', '[\"bank\",\"tipping\"]', NULL, '2013-06-05 13:34:11', 2);
INSERT INTO `place` (`place_id`, `place_id_place`, `place_name`, `place_info`, `place_location_lat`, `place_location_long`, `place_hours`, `place_features`, `place_updated`, `place_registered`, `place_group`) VALUES
	(5309, 7080001270056, 'Kiwi 826 Allehelgensgate', '{\"address\":\"Allehelgensgate 2\",\"addressFormatted\":\"Allehelgensgate 2, Bergen, Norge\",\"city\":\"Bergen\",\"zip\":\"5016\",\"phone\":\"55313818\",\"municipal\":null,\"county\":null,\"link\":\"\",\"email\":\"kiwi.allehelgensgate@ngbutikk.net\",\"country\":\"Norge\"}', 60.3934745789, 5.32841682434, '{\"regular\":{\"mon\":[\"07:00\",\"23:00\"],\"tue\":[\"07:00\",\"23:00\"],\"wed\":[\"07:00\",\"23:00\"],\"thu\":[\"07:00\",\"23:00\"],\"fri\":[\"07:00\",\"23:00\"],\"sat\":[\"07:00\",\"23:00\"],\"sun\":\"closed\"},\"holidays\":[]}', '[\"bank\",\"tipping\"]', NULL, '2013-06-05 13:34:11', 2);
INSERT INTO `place` (`place_id`, `place_id_place`, `place_name`, `place_info`, `place_location_lat`, `place_location_long`, `place_hours`, `place_features`, `place_updated`, `place_registered`, `place_group`) VALUES
	(5310, 7080000908752, 'Kiwi 864 Vaskerelven ', '{\"address\":\"Vaskerelven 4\",\"addressFormatted\":\"Vaskerelven 4, Bergen, Norge\",\"city\":\"Bergen\",\"zip\":\"5014\",\"phone\":\"55231484\",\"municipal\":null,\"county\":null,\"link\":\"\",\"email\":\"kiwi.vaskerelven@ngbutikk.net\",\"country\":\"Norge\"}', 60.3915061951, 5.32079458237, '{\"regular\":{\"mon\":[\"07:00\",\"23:00\"],\"tue\":[\"07:00\",\"23:00\"],\"wed\":[\"07:00\",\"23:00\"],\"thu\":[\"07:00\",\"23:00\"],\"fri\":[\"07:00\",\"23:00\"],\"sat\":[\"07:00\",\"23:00\"],\"sun\":null},\"holidays\":[]}', '[\"bank\"]', NULL, '2013-06-05 13:34:11', 2);
INSERT INTO `place` (`place_id`, `place_id_place`, `place_name`, `place_info`, `place_location_lat`, `place_location_long`, `place_hours`, `place_features`, `place_updated`, `place_registered`, `place_group`) VALUES
	(5311, 7080001106393, 'Kiwi 881 Nøstet', '{\"address\":\"N\\u00f8stegaten 31\",\"addressFormatted\":\"N\\u00f8stegaten 31, Bergen, Norge\",\"city\":\"Bergen\",\"zip\":\"5011\",\"phone\":\"55329497\",\"municipal\":null,\"county\":null,\"link\":\"\",\"email\":\"kiwi.nostet@ngbutikk.net\",\"country\":\"Norge\"}', 60.3876647949, 5.31563234329, '{\"regular\":{\"mon\":[\"07:00\",\"23:00\"],\"tue\":[\"07:00\",\"23:00\"],\"wed\":[\"07:00\",\"23:00\"],\"thu\":[\"07:00\",\"23:00\"],\"fri\":[\"07:00\",\"23:00\"],\"sat\":[\"07:00\",\"23:00\"],\"sun\":\"closed\"},\"holidays\":[]}', '[\"bank\",\"tipping\"]', NULL, '2013-06-05 13:34:11', 2);
INSERT INTO `place` (`place_id`, `place_id_place`, `place_name`, `place_info`, `place_location_lat`, `place_location_long`, `place_hours`, `place_features`, `place_updated`, `place_registered`, `place_group`) VALUES
	(5312, 7080001251963, 'Kiwi 823 Spelhaugen', '{\"address\":\"Krokatj\\u00f8nnveien 11 A\",\"addressFormatted\":\"Krokatj\\u00f8nnveien 11 A, Fyllingsdalen, Norge\",\"city\":\"Fyllingsdalen\",\"zip\":\"5147\",\"phone\":\"55162541\",\"municipal\":null,\"county\":null,\"link\":\"\",\"email\":\"kiwi.spelhaugen@ngbutikk.net\",\"country\":\"Norge\"}', 60.3491401672, 5.27686452866, '{\"regular\":{\"mon\":[\"07:00\",\"23:00\"],\"tue\":[\"07:00\",\"23:00\"],\"wed\":[\"07:00\",\"23:00\"],\"thu\":[\"07:00\",\"23:00\"],\"fri\":[\"07:00\",\"23:00\"],\"sat\":[\"07:00\",\"23:00\"],\"sun\":\"closed\"},\"holidays\":[]}', '[\"bank\",\"tipping\"]', NULL, '2013-06-05 13:34:11', 2);
INSERT INTO `place` (`place_id`, `place_id_place`, `place_name`, `place_info`, `place_location_lat`, `place_location_long`, `place_hours`, `place_features`, `place_updated`, `place_registered`, `place_group`) VALUES
	(5313, 7080000761821, 'Kiwi 803 Kronstad', '{\"address\":\"Jonas Liesvei 62\",\"addressFormatted\":\"Jonas Liesvei 62, Bergen, Norge\",\"city\":\"Bergen\",\"zip\":\"5053\",\"phone\":\"55389950\",\"municipal\":null,\"county\":null,\"link\":\"\",\"email\":\"kiwi.kronstad@ngbutikk.net\",\"country\":\"Norge\"}', 60.3984565735, 5.32477617264, '{\"regular\":{\"mon\":[\"06:30\",\"23:00\"],\"tue\":[\"06:30\",\"23:00\"],\"wed\":[\"06:30\",\"23:00\"],\"thu\":[\"06:30\",\"23:00\"],\"fri\":[\"06:30\",\"23:00\"],\"sat\":[\"09:00\",\"23:00\"],\"sun\":\"closed\"},\"holidays\":[]}', '[\"bank\",\"tipping\"]', NULL, '2013-06-05 13:34:11', 2);
INSERT INTO `place` (`place_id`, `place_id_place`, `place_name`, `place_info`, `place_location_lat`, `place_location_long`, `place_hours`, `place_features`, `place_updated`, `place_registered`, `place_group`) VALUES
	(5314, 7080001096151, 'Kiwi 878 Birkebeinersenteret', '{\"address\":\"Nye Sandviksveien 9\",\"addressFormatted\":\"Nye Sandviksveien 9, Bergen, Norge\",\"city\":\"Bergen\",\"zip\":\"5003\",\"phone\":\"55312104\",\"municipal\":null,\"county\":null,\"link\":\"\",\"email\":\"kiwi.birkebeinersenteret@ngbutikk.net\",\"country\":\"Norge\"}', 60.3998680115, 5.32343673706, '{\"regular\":{\"mon\":[\"07:00\",\"23:00\"],\"tue\":[\"07:00\",\"23:00\"],\"wed\":[\"07:00\",\"23:00\"],\"thu\":[\"07:00\",\"23:00\"],\"fri\":[\"07:00\",\"23:00\"],\"sat\":[\"07:00\",\"23:00\"],\"sun\":\"closed\"},\"holidays\":[]}', '[\"bank\",\"tipping\"]', NULL, '2013-06-05 13:34:11', 2);
INSERT INTO `place` (`place_id`, `place_id_place`, `place_name`, `place_info`, `place_location_lat`, `place_location_long`, `place_hours`, `place_features`, `place_updated`, `place_registered`, `place_group`) VALUES
	(5316, 7080001082406, 'Kiwi 873 Hamrehjørnet', '{\"address\":\"Gabriel Tischendorfs Vei 16\",\"addressFormatted\":\"Gabriel Tischendorfs Vei 16, Laksev\\u00c5g, Norge\",\"city\":\"Laksev\\u00c5g\",\"zip\":\"5162\",\"phone\":\"55349580\",\"municipal\":null,\"county\":null,\"link\":\"\",\"email\":\"kiwi.hamrehjornet@ngbutikk.net\",\"country\":\"Norge\"}', 60.3822784424, 5.30428600311, '{\"regular\":{\"mon\":[\"07:00\",\"23:00\"],\"tue\":[\"07:00\",\"23:00\"],\"wed\":[\"07:00\",\"23:00\"],\"thu\":[\"07:00\",\"23:00\"],\"fri\":[\"07:00\",\"23:00\"],\"sat\":[\"07:00\",\"23:00\"],\"sun\":null},\"holidays\":[]}', '[\"bank\",\"tipping\"]', NULL, '2013-06-05 13:34:11', 2);
INSERT INTO `place` (`place_id`, `place_id_place`, `place_name`, `place_info`, `place_location_lat`, `place_location_long`, `place_hours`, `place_features`, `place_updated`, `place_registered`, `place_group`) VALUES
	(5317, 7080001103729, 'Kiwi 880 Strandgaten Bergen', '{\"address\":\"Strandgaten 204\",\"addressFormatted\":\"Strandgaten 204, Bergen, Norge\",\"city\":\"Bergen\",\"zip\":\"5004\",\"phone\":\"55233485\",\"municipal\":null,\"county\":null,\"link\":\"\",\"email\":\"kiwi.strandgaten-bergen@ngbutikk.net\",\"country\":\"Norge\"}', 60.3973350525, 5.31165456772, '{\"regular\":{\"mon\":[\"07:00\",\"23:00\"],\"tue\":[\"07:00\",\"23:00\"],\"wed\":[\"07:00\",\"23:00\"],\"thu\":[\"07:00\",\"23:00\"],\"fri\":[\"07:00\",\"23:00\"],\"sat\":[\"07:00\",\"23:00\"],\"sun\":\"closed\"},\"holidays\":[]}', '[\"bank\",\"tipping\"]', NULL, '2013-06-05 13:34:11', 2);
INSERT INTO `place` (`place_id`, `place_id_place`, `place_name`, `place_info`, `place_location_lat`, `place_location_long`, `place_hours`, `place_features`, `place_updated`, `place_registered`, `place_group`) VALUES
	(5318, 7080001184155, 'Kiwi 855 Bjørgeveien', '{\"address\":\"Bj\\u00f8rndalsst\\u00f8len 2\",\"addressFormatted\":\"Bj\\u00f8rndalsst\\u00f8len 2, Loddefjord, Norge\",\"city\":\"Loddefjord\",\"zip\":\"5171\",\"phone\":\"55266295\",\"municipal\":null,\"county\":null,\"link\":\"\",\"email\":\"kiwi.bjorgeveien@ngbutikk.net\",\"country\":\"Norge\"}', 60.3505821228, 5.24448204041, '{\"regular\":{\"mon\":[\"07:00\",\"23:00\"],\"tue\":[\"07:00\",\"23:00\"],\"wed\":[\"07:00\",\"23:00\"],\"thu\":[\"07:00\",\"23:00\"],\"fri\":[\"07:00\",\"23:00\"],\"sat\":[\"07:00\",\"21:00\"],\"sun\":\"closed\"},\"holidays\":[]}', '[\"bank\",\"tipping\"]', NULL, '2013-06-05 13:34:11', 2);
INSERT INTO `place` (`place_id`, `place_id_place`, `place_name`, `place_info`, `place_location_lat`, `place_location_long`, `place_hours`, `place_features`, `place_updated`, `place_registered`, `place_group`) VALUES
	(5319, 7080000908714, 'Kiwi 861 Ervik', '{\"address\":\"Ervikveien 72\",\"addressFormatted\":\"Ervikveien 72, \\u00d8vre Ervik, Norge\",\"city\":\"\\u00d8vre Ervik\",\"zip\":\"5106\",\"phone\":\"55 95 20 85\",\"municipal\":null,\"county\":null,\"link\":\"\",\"email\":\"kiwi.ervik@ngbutikk.net\",\"country\":\"Norge\"}', 60.4437484741, 5.32574605942, '{\"regular\":{\"mon\":[\"07:00\",\"23:00\"],\"tue\":[\"07:00\",\"23:00\"],\"wed\":[\"07:00\",\"23:00\"],\"thu\":[\"07:00\",\"23:00\"],\"fri\":[\"07:00\",\"23:00\"],\"sat\":[\"07:00\",\"23:00\"],\"sun\":null},\"holidays\":[]}', '[\"bank\",\"tipping\"]', NULL, '2013-06-05 13:34:11', 2);
INSERT INTO `place` (`place_id`, `place_id_place`, `place_name`, `place_info`, `place_location_lat`, `place_location_long`, `place_hours`, `place_features`, `place_updated`, `place_registered`, `place_group`) VALUES
	(5320, 7080001064532, 'Kiwi 867 Hetlevikåsen', '{\"address\":\"Mathopsveien 58\",\"addressFormatted\":\"Mathopsveien 58, Loddefjord, Norge\",\"city\":\"Loddefjord\",\"zip\":\"5173\",\"phone\":\"55 50 89 20\",\"municipal\":null,\"county\":null,\"link\":\"\",\"email\":\"kiwi.hetleviksasen@ngbutikk.net\",\"country\":\"Norge\"}', 60.3507575989, 5.22785186768, '{\"regular\":{\"mon\":[\"07:00\",\"23:00\"],\"tue\":[\"07:00\",\"23:00\"],\"wed\":[\"07:00\",\"23:00\"],\"thu\":[\"07:00\",\"23:00\"],\"fri\":[\"07:00\",\"23:00\"],\"sat\":[\"07:00\",\"23:00\"],\"sun\":\"closed\"},\"holidays\":[]}', '[\"bank\",\"tipping\"]', NULL, '2013-06-05 13:34:11', 2);
INSERT INTO `place` (`place_id`, `place_id_place`, `place_name`, `place_info`, `place_location_lat`, `place_location_long`, `place_hours`, `place_features`, `place_updated`, `place_registered`, `place_group`) VALUES
	(5321, 7080001233952, 'Kiwi 879 Rolland', '{\"address\":\"Rollandslia 51\",\"addressFormatted\":\"Rollandslia 51, Ulset, Norge\",\"city\":\"Ulset\",\"zip\":\"5115\",\"phone\":\"55953733\",\"municipal\":null,\"county\":null,\"link\":\"\",\"email\":\"kiwi.rolland@ngbutikk.net\",\"country\":\"Norge\"}', 60.4618186951, 5.32953548431, '{\"regular\":{\"mon\":[\"07:00\",\"23:00\"],\"tue\":[\"07:00\",\"23:00\"],\"wed\":[\"07:00\",\"23:00\"],\"thu\":[\"07:00\",\"23:00\"],\"fri\":[\"07:00\",\"23:00\"],\"sat\":[\"07:00\",\"23:00\"],\"sun\":\"closed\"},\"holidays\":[]}', '[\"bank\",\"tipping\"]', NULL, '2013-06-05 13:34:11', 2);
INSERT INTO `place` (`place_id`, `place_id_place`, `place_name`, `place_info`, `place_location_lat`, `place_location_long`, `place_hours`, `place_features`, `place_updated`, `place_registered`, `place_group`) VALUES
	(5322, 7080000908639, 'Kiwi 853 Ulset', '{\"address\":\"Fossekleiva 39\",\"addressFormatted\":\"Fossekleiva 39, Ulset, Norge\",\"city\":\"Ulset\",\"zip\":\"5119\",\"phone\":\"55 18 26 50\",\"municipal\":null,\"county\":null,\"link\":\"\",\"email\":\"kiwi.ulset@ngbutikk.net\",\"country\":\"Norge\"}', 60.4635047913, 5.30418968201, '{\"regular\":{\"mon\":[\"07:00\",\"23:00\"],\"tue\":[\"07:00\",\"23:00\"],\"wed\":[\"07:00\",\"23:00\"],\"thu\":[\"07:00\",\"23:00\"],\"fri\":[\"07:00\",\"23:00\"],\"sat\":[\"09:00\",\"21:00\"],\"sun\":null},\"holidays\":[]}', '[\"bank\",\"tipping\"]', NULL, '2013-06-05 13:34:11', 2);
INSERT INTO `place` (`place_id`, `place_id_place`, `place_name`, `place_info`, `place_location_lat`, `place_location_long`, `place_hours`, `place_features`, `place_updated`, `place_registered`, `place_group`) VALUES
	(5323, 7080001002985, 'Kiwi 814 Tertnes', '{\"address\":\"Tertnesveien 88\",\"addressFormatted\":\"Tertnesveien 88, Tertnes, Norge\",\"city\":\"Tertnes\",\"zip\":\"5113\",\"phone\":\"55186900\",\"municipal\":null,\"county\":null,\"link\":\"\",\"email\":\"kiwi.tertnes@ngbutikk.net\",\"country\":\"Norge\"}', 60.455696106, 5.29530715942, '{\"regular\":{\"mon\":[\"07:00\",\"23:00\"],\"tue\":[\"07:00\",\"23:00\"],\"wed\":[\"07:00\",\"23:00\"],\"thu\":[\"07:00\",\"23:00\"],\"fri\":[\"07:00\",\"23:00\"],\"sat\":[\"09:00\",\"21:00\"],\"sun\":\"closed\"},\"holidays\":[]}', '[\"bank\",\"tipping\"]', NULL, '2013-06-05 13:34:11', 2);
INSERT INTO `place` (`place_id`, `place_id_place`, `place_name`, `place_info`, `place_location_lat`, `place_location_long`, `place_hours`, `place_features`, `place_updated`, `place_registered`, `place_group`) VALUES
	(5324, 7080000011148, 'Kiwi 806 Olsvik', '{\"address\":\"Olsvik\\u00e5sen 8a\",\"addressFormatted\":\"Olsvik\\u00e5sen 8a, Olsvik, Norge\",\"city\":\"Olsvik\",\"zip\":\"5183\",\"phone\":\"55937380\",\"municipal\":null,\"county\":null,\"link\":\"\",\"email\":\"kiwi.olsvik@ngbutikk.net\",\"country\":\"Norge\"}', 60.382270813, 5.21914196014, '{\"regular\":{\"mon\":[\"07:00\",\"23:00\"],\"tue\":[\"07:00\",\"23:00\"],\"wed\":[\"07:00\",\"23:00\"],\"thu\":[\"07:00\",\"23:00\"],\"fri\":[\"07:00\",\"23:00\"],\"sat\":[\"07:00\",\"23:00\"],\"sun\":\"closed\"},\"holidays\":[]}', '[\"bank\",\"tipping\"]', NULL, '2013-06-05 13:34:11', 2);
INSERT INTO `place` (`place_id`, `place_id_place`, `place_name`, `place_info`, `place_location_lat`, `place_location_long`, `place_hours`, `place_features`, `place_updated`, `place_registered`, `place_group`) VALUES
	(5325, 7080001108410, 'Kiwi 882 Godvik', '{\"address\":\"Alvehaugen 4\",\"addressFormatted\":\"Alvehaugen 4, Godvik, Norge\",\"city\":\"Godvik\",\"zip\":\"5179\",\"phone\":\"55500952\",\"municipal\":null,\"county\":null,\"link\":\"\",\"email\":\"kiwi.godvik@ngbutikk.net\",\"country\":\"Norge\"}', 60.3705215454, 5.1920542717, '{\"regular\":{\"mon\":[\"07:00\",\"23:00\"],\"tue\":[\"07:00\",\"23:00\"],\"wed\":[\"07:00\",\"23:00\"],\"thu\":[\"07:00\",\"23:00\"],\"fri\":[\"07:00\",\"23:00\"],\"sat\":[\"07:00\",\"23:00\"],\"sun\":null},\"holidays\":[]}', '[\"bank\",\"tipping\"]', NULL, '2013-06-05 13:34:11', 2);
INSERT INTO `place` (`place_id`, `place_id_place`, `place_name`, `place_info`, `place_location_lat`, `place_location_long`, `place_hours`, `place_features`, `place_updated`, `place_registered`, `place_group`) VALUES
	(5326, 7080001080976, 'Kiwi 870 Florvåg', '{\"address\":\"\",\"addressFormatted\":\", Florv\\u00c5g, Norge\",\"city\":\"Florv\\u00c5g\",\"zip\":\"5305\",\"phone\":\"56150250\",\"municipal\":null,\"county\":null,\"link\":\"\",\"email\":\"kiwi.florvag@ngbutikk.net\",\"country\":\"Norge\"}', 60.4200935364, 5.2397851944, '{\"regular\":{\"mon\":[\"07:00\",\"23:00\"],\"tue\":[\"07:00\",\"23:00\"],\"wed\":[\"07:00\",\"23:00\"],\"thu\":[\"07:00\",\"23:00\"],\"fri\":[\"07:00\",\"23:00\"],\"sat\":[\"07:00\",\"23:00\"],\"sun\":null},\"holidays\":[]}', '[\"bank\",\"tipping\"]', NULL, '2013-06-05 13:34:11', 2);
INSERT INTO `place` (`place_id`, `place_id_place`, `place_name`, `place_info`, `place_location_lat`, `place_location_long`, `place_hours`, `place_features`, `place_updated`, `place_registered`, `place_group`) VALUES
	(5327, 7080000908677, 'Kiwi 857 Kleppestø', '{\"address\":\"Boks 284\",\"addressFormatted\":\"Boks 284, Kleppest\\u00d8, Norge\",\"city\":\"Kleppest\\u00d8\",\"zip\":\"5323\",\"phone\":\"56 14 99 50\",\"municipal\":null,\"county\":null,\"link\":\"\",\"email\":\"kiwi.kleppesto@ngbutikk.net\",\"country\":\"Norge\"}', 60.4103164673, 5.22694206238, '{\"regular\":{\"mon\":[\"08:00\",\"21:00\"],\"tue\":[\"08:00\",\"21:00\"],\"wed\":[\"08:00\",\"21:00\"],\"thu\":[\"08:00\",\"21:00\"],\"fri\":[\"08:00\",\"21:00\"],\"sat\":[\"09:00\",\"18:00\"],\"sun\":null},\"holidays\":[]}', '[\"bank\"]', NULL, '2013-06-05 13:34:11', 2);
INSERT INTO `place` (`place_id`, `place_id_place`, `place_name`, `place_info`, `place_location_lat`, `place_location_long`, `place_hours`, `place_features`, `place_updated`, `place_registered`, `place_group`) VALUES
	(5652, 209295, 'REMA 1000 Askøy', '{\"address\":null,\"addressFormatted\":null,\"city\":null,\"zip\":null,\"phone\":null,\"municipal\":null,\"county\":null,\"link\":null,\"email\":null,\"country\":null}', 60.43008557, 5.189430471, '{\"regular\":{\"mon\":null,\"tue\":null,\"wed\":null,\"thu\":null,\"fri\":null,\"sat\":null,\"sun\":null},\"holidays\":[]}', '[]', NULL, '2013-06-05 21:32:20', 5);
INSERT INTO `place` (`place_id`, `place_id_place`, `place_name`, `place_info`, `place_location_lat`, `place_location_long`, `place_hours`, `place_features`, `place_updated`, `place_registered`, `place_group`) VALUES
	(5696, 370000, 'REMA 1000 Danmarksplass', '{\"address\":null,\"addressFormatted\":null,\"city\":null,\"zip\":null,\"phone\":null,\"municipal\":null,\"county\":null,\"link\":null,\"email\":null,\"country\":null}', 60.376496628, 5.339851934, '{\"regular\":{\"mon\":null,\"tue\":null,\"wed\":null,\"thu\":null,\"fri\":null,\"sat\":null,\"sun\":null},\"holidays\":[]}', '[]', NULL, '2013-06-05 21:32:20', 5);
INSERT INTO `place` (`place_id`, `place_id_place`, `place_name`, `place_info`, `place_location_lat`, `place_location_long`, `place_hours`, `place_features`, `place_updated`, `place_registered`, `place_group`) VALUES
	(5702, 1494046, 'REMA 1000 Dreggen', '{\"address\":null,\"addressFormatted\":null,\"city\":null,\"zip\":null,\"phone\":null,\"municipal\":null,\"county\":null,\"link\":null,\"email\":null,\"country\":null}', 60.398496384, 5.321735675, '{\"regular\":{\"mon\":null,\"tue\":null,\"wed\":null,\"thu\":null,\"fri\":null,\"sat\":null,\"sun\":null},\"holidays\":[]}', '[]', NULL, '2013-06-05 21:32:20', 5);
INSERT INTO `place` (`place_id`, `place_id_place`, `place_name`, `place_info`, `place_location_lat`, `place_location_long`, `place_hours`, `place_features`, `place_updated`, `place_registered`, `place_group`) VALUES
	(5704, 109225, 'REMA 1000 Drotningsvik', '{\"address\":null,\"addressFormatted\":null,\"city\":null,\"zip\":null,\"phone\":null,\"municipal\":null,\"county\":null,\"link\":null,\"email\":null,\"country\":null}', 60.372051847, 5.180266527, '{\"regular\":{\"mon\":null,\"tue\":null,\"wed\":null,\"thu\":null,\"fri\":null,\"sat\":null,\"sun\":null},\"holidays\":[]}', '[]', NULL, '2013-06-05 21:32:20', 5);
INSERT INTO `place` (`place_id`, `place_id_place`, `place_name`, `place_info`, `place_location_lat`, `place_location_long`, `place_hours`, `place_features`, `place_updated`, `place_registered`, `place_group`) VALUES
	(5711, 131757, 'REMA 1000 Eidsvåg', '{\"address\":null,\"addressFormatted\":null,\"city\":null,\"zip\":null,\"phone\":null,\"municipal\":null,\"county\":null,\"link\":null,\"email\":null,\"country\":null}', 60.437989925, 5.322732332, '{\"regular\":{\"mon\":null,\"tue\":null,\"wed\":null,\"thu\":null,\"fri\":null,\"sat\":null,\"sun\":null},\"holidays\":[]}', '[]', NULL, '2013-06-05 21:32:20', 5);
INSERT INTO `place` (`place_id`, `place_id_place`, `place_name`, `place_info`, `place_location_lat`, `place_location_long`, `place_hours`, `place_features`, `place_updated`, `place_registered`, `place_group`) VALUES
	(5717, 1544593, 'REMA 1000 Elveneset', '{\"address\":null,\"addressFormatted\":null,\"city\":null,\"zip\":null,\"phone\":null,\"municipal\":null,\"county\":null,\"link\":null,\"email\":null,\"country\":null}', 60.307903088, 5.369671687, '{\"regular\":{\"mon\":null,\"tue\":null,\"wed\":null,\"thu\":null,\"fri\":null,\"sat\":null,\"sun\":null},\"holidays\":[]}', '[]', NULL, '2013-06-05 21:32:20', 5);
INSERT INTO `place` (`place_id`, `place_id_place`, `place_name`, `place_info`, `place_location_lat`, `place_location_long`, `place_hours`, `place_features`, `place_updated`, `place_registered`, `place_group`) VALUES
	(5729, 323397, 'REMA 1000 Fanatorget', '{\"address\":null,\"addressFormatted\":null,\"city\":null,\"zip\":null,\"phone\":null,\"municipal\":null,\"county\":null,\"link\":null,\"email\":null,\"country\":null}', 60.304934011, 5.281868875, '{\"regular\":{\"mon\":null,\"tue\":null,\"wed\":null,\"thu\":null,\"fri\":null,\"sat\":null,\"sun\":null},\"holidays\":[]}', '[]', NULL, '2013-06-05 21:32:20', 5);
INSERT INTO `place` (`place_id`, `place_id_place`, `place_name`, `place_info`, `place_location_lat`, `place_location_long`, `place_hours`, `place_features`, `place_updated`, `place_registered`, `place_group`) VALUES
	(5735, 268998, 'REMA 1000 Fjøsanger', '{\"address\":null,\"addressFormatted\":null,\"city\":null,\"zip\":null,\"phone\":null,\"municipal\":null,\"county\":null,\"link\":null,\"email\":null,\"country\":null}', 60.347310237, 5.334949102, '{\"regular\":{\"mon\":null,\"tue\":null,\"wed\":null,\"thu\":null,\"fri\":null,\"sat\":null,\"sun\":null},\"holidays\":[]}', '[]', NULL, '2013-06-05 21:32:20', 5);
INSERT INTO `place` (`place_id`, `place_id_place`, `place_name`, `place_info`, `place_location_lat`, `place_location_long`, `place_hours`, `place_features`, `place_updated`, `place_registered`, `place_group`) VALUES
	(5752, 1555716, 'REMA 1000 Garnesveien', '{\"address\":null,\"addressFormatted\":null,\"city\":null,\"zip\":null,\"phone\":null,\"municipal\":null,\"county\":null,\"link\":null,\"email\":null,\"country\":null}', 60.42857035, 5.469521493, '{\"regular\":{\"mon\":null,\"tue\":null,\"wed\":null,\"thu\":null,\"fri\":null,\"sat\":null,\"sun\":null},\"holidays\":[]}', '[]', NULL, '2013-06-05 21:32:20', 5);
INSERT INTO `place` (`place_id`, `place_id_place`, `place_name`, `place_info`, `place_location_lat`, `place_location_long`, `place_hours`, `place_features`, `place_updated`, `place_registered`, `place_group`) VALUES
	(5762, 1488268, 'REMA 1000 Godvik', '{\"address\":null,\"addressFormatted\":null,\"city\":null,\"zip\":null,\"phone\":null,\"municipal\":null,\"county\":null,\"link\":null,\"email\":null,\"country\":null}', 60.370175641, 5.192858289, '{\"regular\":{\"mon\":null,\"tue\":null,\"wed\":null,\"thu\":null,\"fri\":null,\"sat\":null,\"sun\":null},\"holidays\":[]}', '[]', NULL, '2013-06-05 21:32:20', 5);
INSERT INTO `place` (`place_id`, `place_id_place`, `place_name`, `place_info`, `place_location_lat`, `place_location_long`, `place_hours`, `place_features`, `place_updated`, `place_registered`, `place_group`) VALUES
	(5779, 351688, 'REMA 1000 Haukelandsveien', '{\"address\":null,\"addressFormatted\":null,\"city\":null,\"zip\":null,\"phone\":null,\"municipal\":null,\"county\":null,\"link\":null,\"email\":null,\"country\":null}', 60.377133341, 5.358314676, '{\"regular\":{\"mon\":null,\"tue\":null,\"wed\":null,\"thu\":null,\"fri\":null,\"sat\":null,\"sun\":null},\"holidays\":[]}', '[]', NULL, '2013-06-05 21:32:20', 5);
INSERT INTO `place` (`place_id`, `place_id_place`, `place_name`, `place_info`, `place_location_lat`, `place_location_long`, `place_hours`, `place_features`, `place_updated`, `place_registered`, `place_group`) VALUES
	(5787, 270342, 'REMA 1000 Helleveien', '{\"address\":null,\"addressFormatted\":null,\"city\":null,\"zip\":null,\"phone\":null,\"municipal\":null,\"county\":null,\"link\":null,\"email\":null,\"country\":null}', 60.424561516, 5.303194067, '{\"regular\":{\"mon\":null,\"tue\":null,\"wed\":null,\"thu\":null,\"fri\":null,\"sat\":null,\"sun\":null},\"holidays\":[]}', '[]', NULL, '2013-06-05 21:32:20', 5);
INSERT INTO `place` (`place_id`, `place_id_place`, `place_name`, `place_info`, `place_location_lat`, `place_location_long`, `place_hours`, `place_features`, `place_updated`, `place_registered`, `place_group`) VALUES
	(5823, 100909, 'REMA 1000 Kalmarhuset', '{\"address\":null,\"addressFormatted\":null,\"city\":null,\"zip\":null,\"phone\":null,\"municipal\":null,\"county\":null,\"link\":null,\"email\":null,\"country\":null}', 60.393198331, 5.318936202, '{\"regular\":{\"mon\":null,\"tue\":null,\"wed\":null,\"thu\":null,\"fri\":null,\"sat\":null,\"sun\":null},\"holidays\":[]}', '[]', NULL, '2013-06-05 21:32:20', 5);
INSERT INTO `place` (`place_id`, `place_id_place`, `place_name`, `place_info`, `place_location_lat`, `place_location_long`, `place_hours`, `place_features`, `place_updated`, `place_registered`, `place_group`) VALUES
	(5833, 1488202, 'REMA 1000 Kjerreidviken', '{\"address\":null,\"addressFormatted\":null,\"city\":null,\"zip\":null,\"phone\":null,\"municipal\":null,\"county\":null,\"link\":null,\"email\":null,\"country\":null}', 60.341920924, 5.246836222, '{\"regular\":{\"mon\":null,\"tue\":null,\"wed\":null,\"thu\":null,\"fri\":null,\"sat\":null,\"sun\":null},\"holidays\":[]}', '[]', NULL, '2013-06-05 21:32:20', 5);
INSERT INTO `place` (`place_id`, `place_id_place`, `place_name`, `place_info`, `place_location_lat`, `place_location_long`, `place_hours`, `place_features`, `place_updated`, `place_registered`, `place_group`) VALUES
	(5834, 352615, 'REMA 1000 Kjøkkelvik', '{\"address\":null,\"addressFormatted\":null,\"city\":null,\"zip\":null,\"phone\":null,\"municipal\":null,\"county\":null,\"link\":null,\"email\":null,\"country\":null}', 60.38193469, 5.22925864, '{\"regular\":{\"mon\":null,\"tue\":null,\"wed\":null,\"thu\":null,\"fri\":null,\"sat\":null,\"sun\":null},\"holidays\":[]}', '[]', NULL, '2013-06-05 21:32:20', 5);
INSERT INTO `place` (`place_id`, `place_id_place`, `place_name`, `place_info`, `place_location_lat`, `place_location_long`, `place_hours`, `place_features`, `place_updated`, `place_registered`, `place_group`) VALUES
	(5836, 928512, 'REMA 1000 Kleppestø', '{\"address\":null,\"addressFormatted\":null,\"city\":null,\"zip\":null,\"phone\":null,\"municipal\":null,\"county\":null,\"link\":null,\"email\":null,\"country\":null}', 60.406475687, 5.219452623, '{\"regular\":{\"mon\":null,\"tue\":null,\"wed\":null,\"thu\":null,\"fri\":null,\"sat\":null,\"sun\":null},\"holidays\":[]}', '[]', NULL, '2013-06-05 21:32:20', 5);
INSERT INTO `place` (`place_id`, `place_id_place`, `place_name`, `place_info`, `place_location_lat`, `place_location_long`, `place_hours`, `place_features`, `place_updated`, `place_registered`, `place_group`) VALUES
	(5838, 1490020, 'REMA 1000 Kløverhuset', '{\"address\":null,\"addressFormatted\":null,\"city\":null,\"zip\":null,\"phone\":null,\"municipal\":null,\"county\":null,\"link\":null,\"email\":null,\"country\":null}', 60.394486286, 5.323174995, '{\"regular\":{\"mon\":null,\"tue\":null,\"wed\":null,\"thu\":null,\"fri\":null,\"sat\":null,\"sun\":null},\"holidays\":[]}', '[]', NULL, '2013-06-05 21:32:20', 5);
INSERT INTO `place` (`place_id`, `place_id_place`, `place_name`, `place_info`, `place_location_lat`, `place_location_long`, `place_hours`, `place_features`, `place_updated`, `place_registered`, `place_group`) VALUES
	(5858, 270415, 'REMA 1000 Laksevåg Senter', '{\"address\":null,\"addressFormatted\":null,\"city\":null,\"zip\":null,\"phone\":null,\"municipal\":null,\"county\":null,\"link\":null,\"email\":null,\"country\":null}', 60.389334935, 5.286444923, '{\"regular\":{\"mon\":null,\"tue\":null,\"wed\":null,\"thu\":null,\"fri\":null,\"sat\":null,\"sun\":null},\"holidays\":[]}', '[]', NULL, '2013-06-05 21:32:20', 5);
INSERT INTO `place` (`place_id`, `place_id_place`, `place_name`, `place_info`, `place_location_lat`, `place_location_long`, `place_hours`, `place_features`, `place_updated`, `place_registered`, `place_group`) VALUES
	(5860, 1554283, 'REMA 1000 Landås', '{\"address\":null,\"addressFormatted\":null,\"city\":null,\"zip\":null,\"phone\":null,\"municipal\":null,\"county\":null,\"link\":null,\"email\":null,\"country\":null}', 60.35794257, 5.368617935, '{\"regular\":{\"mon\":null,\"tue\":null,\"wed\":null,\"thu\":null,\"fri\":null,\"sat\":null,\"sun\":null},\"holidays\":[]}', '[]', NULL, '2013-06-05 21:32:20', 5);
INSERT INTO `place` (`place_id`, `place_id_place`, `place_name`, `place_info`, `place_location_lat`, `place_location_long`, `place_hours`, `place_features`, `place_updated`, `place_registered`, `place_group`) VALUES
	(5878, 1493941, 'REMA 1000 Lynghaugparken', '{\"address\":null,\"addressFormatted\":null,\"city\":null,\"zip\":null,\"phone\":null,\"municipal\":null,\"county\":null,\"link\":null,\"email\":null,\"country\":null}', 60.356618485, 5.293970758, '{\"regular\":{\"mon\":null,\"tue\":null,\"wed\":null,\"thu\":null,\"fri\":null,\"sat\":null,\"sun\":null},\"holidays\":[]}', '[]', NULL, '2013-06-05 21:32:20', 5);
INSERT INTO `place` (`place_id`, `place_id_place`, `place_name`, `place_info`, `place_location_lat`, `place_location_long`, `place_hours`, `place_features`, `place_updated`, `place_registered`, `place_group`) VALUES
	(5892, 1548400, 'REMA 1000 Marken', '{\"address\":null,\"addressFormatted\":null,\"city\":null,\"zip\":null,\"phone\":null,\"municipal\":null,\"county\":null,\"link\":null,\"email\":null,\"country\":null}', 60.391128939, 5.33191234, '{\"regular\":{\"mon\":null,\"tue\":null,\"wed\":null,\"thu\":null,\"fri\":null,\"sat\":null,\"sun\":null},\"holidays\":[]}', '[]', NULL, '2013-06-05 21:32:20', 5);
INSERT INTO `place` (`place_id`, `place_id_place`, `place_name`, `place_info`, `place_location_lat`, `place_location_long`, `place_hours`, `place_features`, `place_updated`, `place_registered`, `place_group`) VALUES
	(5897, 1067900, 'REMA 1000 Midtun', '{\"address\":null,\"addressFormatted\":null,\"city\":null,\"zip\":null,\"phone\":null,\"municipal\":null,\"county\":null,\"link\":null,\"email\":null,\"country\":null}', 60.323546327, 5.369617616, '{\"regular\":{\"mon\":null,\"tue\":null,\"wed\":null,\"thu\":null,\"fri\":null,\"sat\":null,\"sun\":null},\"holidays\":[]}', '[]', NULL, '2013-06-05 21:32:20', 5);
INSERT INTO `place` (`place_id`, `place_id_place`, `place_name`, `place_info`, `place_location_lat`, `place_location_long`, `place_hours`, `place_features`, `place_updated`, `place_registered`, `place_group`) VALUES
	(5911, 270571, 'REMA 1000 Myrholtet', '{\"address\":null,\"addressFormatted\":null,\"city\":null,\"zip\":null,\"phone\":null,\"municipal\":null,\"county\":null,\"link\":null,\"email\":null,\"country\":null}', 60.34561322, 5.271571092, '{\"regular\":{\"mon\":null,\"tue\":null,\"wed\":null,\"thu\":null,\"fri\":null,\"sat\":null,\"sun\":null},\"holidays\":[]}', '[]', NULL, '2013-06-05 21:32:20', 5);
INSERT INTO `place` (`place_id`, `place_id_place`, `place_name`, `place_info`, `place_location_lat`, `place_location_long`, `place_hours`, `place_features`, `place_updated`, `place_registered`, `place_group`) VALUES
	(5918, 166973, 'REMA 1000 Nattland', '{\"address\":null,\"addressFormatted\":null,\"city\":null,\"zip\":null,\"phone\":null,\"municipal\":null,\"county\":null,\"link\":null,\"email\":null,\"country\":null}', 60.351035165, 5.368903362, '{\"regular\":{\"mon\":null,\"tue\":null,\"wed\":null,\"thu\":null,\"fri\":null,\"sat\":null,\"sun\":null},\"holidays\":[]}', '[]', NULL, '2013-06-05 21:32:20', 5);
INSERT INTO `place` (`place_id`, `place_id_place`, `place_name`, `place_info`, `place_location_lat`, `place_location_long`, `place_hours`, `place_features`, `place_updated`, `place_registered`, `place_group`) VALUES
	(5931, 993613, 'REMA 1000 Nyborg', '{\"address\":null,\"addressFormatted\":null,\"city\":null,\"zip\":null,\"phone\":null,\"municipal\":null,\"county\":null,\"link\":null,\"email\":null,\"country\":null}', 60.467447813, 5.345924929, '{\"regular\":{\"mon\":null,\"tue\":null,\"wed\":null,\"thu\":null,\"fri\":null,\"sat\":null,\"sun\":null},\"holidays\":[]}', '[]', NULL, '2013-06-05 21:32:20', 5);
INSERT INTO `place` (`place_id`, `place_id_place`, `place_name`, `place_info`, `place_location_lat`, `place_location_long`, `place_hours`, `place_features`, `place_updated`, `place_registered`, `place_group`) VALUES
	(5932, 228481, 'REMA 1000 Nygård', '{\"address\":null,\"addressFormatted\":null,\"city\":null,\"zip\":null,\"phone\":null,\"municipal\":null,\"county\":null,\"link\":null,\"email\":null,\"country\":null}', 60.385350433, 5.27104828, '{\"regular\":{\"mon\":null,\"tue\":null,\"wed\":null,\"thu\":null,\"fri\":null,\"sat\":null,\"sun\":null},\"holidays\":[]}', '[]', NULL, '2013-06-05 21:32:20', 5);
INSERT INTO `place` (`place_id`, `place_id_place`, `place_name`, `place_info`, `place_location_lat`, `place_location_long`, `place_hours`, `place_features`, `place_updated`, `place_registered`, `place_group`) VALUES
	(5933, 1486374, 'REMA 1000 Nygårdsgaten', '{\"address\":null,\"addressFormatted\":null,\"city\":null,\"zip\":null,\"phone\":null,\"municipal\":null,\"county\":null,\"link\":null,\"email\":null,\"country\":null}', 60.388588314, 5.326129701, '{\"regular\":{\"mon\":null,\"tue\":null,\"wed\":null,\"thu\":null,\"fri\":null,\"sat\":null,\"sun\":null},\"holidays\":[]}', '[]', NULL, '2013-06-05 21:32:20', 5);
INSERT INTO `place` (`place_id`, `place_id_place`, `place_name`, `place_info`, `place_location_lat`, `place_location_long`, `place_hours`, `place_features`, `place_updated`, `place_registered`, `place_group`) VALUES
	(6003, 898596, 'REMA 1000 Skjold', '{\"address\":null,\"addressFormatted\":null,\"city\":null,\"zip\":null,\"phone\":null,\"municipal\":null,\"county\":null,\"link\":null,\"email\":null,\"country\":null}', 60.309715753, 5.346253262, '{\"regular\":{\"mon\":null,\"tue\":null,\"wed\":null,\"thu\":null,\"fri\":null,\"sat\":null,\"sun\":null},\"holidays\":[]}', '[]', NULL, '2013-06-05 21:32:20', 5);
INSERT INTO `place` (`place_id`, `place_id_place`, `place_name`, `place_info`, `place_location_lat`, `place_location_long`, `place_hours`, `place_features`, `place_updated`, `place_registered`, `place_group`) VALUES
	(6020, 1548841, 'REMA 1000 Spectrum', '{\"address\":null,\"addressFormatted\":null,\"city\":null,\"zip\":null,\"phone\":null,\"municipal\":null,\"county\":null,\"link\":null,\"email\":null,\"country\":null}', 60.350710987, 5.288805765, '{\"regular\":{\"mon\":null,\"tue\":null,\"wed\":null,\"thu\":null,\"fri\":null,\"sat\":null,\"sun\":null},\"holidays\":[]}', '[]', NULL, '2013-06-05 21:32:20', 5);
INSERT INTO `place` (`place_id`, `place_id_place`, `place_name`, `place_info`, `place_location_lat`, `place_location_long`, `place_hours`, `place_features`, `place_updated`, `place_registered`, `place_group`) VALUES
	(6097, 427682, 'REMA 1000 Ulset', '{\"address\":null,\"addressFormatted\":null,\"city\":null,\"zip\":null,\"phone\":null,\"municipal\":null,\"county\":null,\"link\":null,\"email\":null,\"country\":null}', 60.462665384, 5.319385987, '{\"regular\":{\"mon\":null,\"tue\":null,\"wed\":null,\"thu\":null,\"fri\":null,\"sat\":null,\"sun\":null},\"holidays\":[]}', '[]', NULL, '2013-06-05 21:32:20', 5);
INSERT INTO `place` (`place_id`, `place_id_place`, `place_name`, `place_info`, `place_location_lat`, `place_location_long`, `place_hours`, `place_features`, `place_updated`, `place_registered`, `place_group`) VALUES
	(6132, 238663, 'REMA 1000 Wergeland', '{\"address\":null,\"addressFormatted\":null,\"city\":null,\"zip\":null,\"phone\":null,\"municipal\":null,\"county\":null,\"link\":null,\"email\":null,\"country\":null}', 60.359949828, 5.351787722, '{\"regular\":{\"mon\":null,\"tue\":null,\"wed\":null,\"thu\":null,\"fri\":null,\"sat\":null,\"sun\":null},\"holidays\":[]}', '[]', NULL, '2013-06-05 21:32:20', 5);
INSERT INTO `place` (`place_id`, `place_id_place`, `place_name`, `place_info`, `place_location_lat`, `place_location_long`, `place_hours`, `place_features`, `place_updated`, `place_registered`, `place_group`) VALUES
	(6133, 351571, 'REMA 1000 Xhibition', '{\"address\":null,\"addressFormatted\":null,\"city\":null,\"zip\":null,\"phone\":null,\"municipal\":null,\"county\":null,\"link\":null,\"email\":null,\"country\":null}', 60.392734229, 5.326295508, '{\"regular\":{\"mon\":null,\"tue\":null,\"wed\":null,\"thu\":null,\"fri\":null,\"sat\":null,\"sun\":null},\"holidays\":[]}', '[]', NULL, '2013-06-05 21:32:20', 5);
INSERT INTO `place` (`place_id`, `place_id_place`, `place_name`, `place_info`, `place_location_lat`, `place_location_long`, `place_hours`, `place_features`, `place_updated`, `place_registered`, `place_group`) VALUES
	(6140, 209936, 'REMA 1000 Øyrane Torg', '{\"address\":null,\"addressFormatted\":null,\"city\":null,\"zip\":null,\"phone\":null,\"municipal\":null,\"county\":null,\"link\":null,\"email\":null,\"country\":null}', 60.421388185, 5.46524069, '{\"regular\":{\"mon\":null,\"tue\":null,\"wed\":null,\"thu\":null,\"fri\":null,\"sat\":null,\"sun\":null},\"holidays\":[]}', '[]', NULL, '2013-06-05 21:32:20', 5);
INSERT INTO `place` (`place_id`, `place_id_place`, `place_name`, `place_info`, `place_location_lat`, `place_location_long`, `place_hours`, `place_features`, `place_updated`, `place_registered`, `place_group`) VALUES
	(6905, 13980, 'MENY Arken', '{\"address\":\"\\u00c5sane Senter\",\"addressFormatted\":\"\\u00c5sane Senter, Ulset, Norge\",\"city\":\"Ulset\",\"zip\":null,\"phone\":\"55197790\",\"municipal\":null,\"county\":null,\"link\":null,\"email\":\"butikksjef.arken@ngbutikk.net\",\"country\":\"Norge\"}', 60.4667708, 5.3217815, '{\"regular\":{\"mon\":[\"09:00\",\"21:00\"],\"tue\":[\"09:00\",\"21:00\"],\"wed\":[\"09:00\",\"21:00\"],\"thu\":[\"09:00\",\"21:00\"],\"fri\":[\"09:00\",\"21:00\"],\"sat\":[\"09:00\",\"19:00\"],\"sun\":\"closed\"},\"holidays\":[]}', '[]', '2013-06-06 02:45:08', '2013-06-06 02:45:08', 3);
INSERT INTO `place` (`place_id`, `place_id_place`, `place_name`, `place_info`, `place_location_lat`, `place_location_long`, `place_hours`, `place_features`, `place_updated`, `place_registered`, `place_group`) VALUES
	(6910, 13981, 'MENY Bergen Storsenter', '{\"address\":\"Str\\u00f8msgt. 8\",\"addressFormatted\":\"Str\\u00f8msgt. 8, Bergen, Norge\",\"city\":\"Bergen\",\"zip\":null,\"phone\":\"55301130\",\"municipal\":null,\"county\":null,\"link\":null,\"email\":\"butikksjef.bergenstorsenter@ngbutikk.net\",\"country\":\"Norge\"}', 60.3880761, 5.3318774, '{\"regular\":{\"mon\":[\"07:00\",\"21:00\"],\"tue\":[\"07:00\",\"21:00\"],\"wed\":[\"07:00\",\"21:00\"],\"thu\":[\"07:00\",\"21:00\"],\"fri\":[\"07:00\",\"21:00\"],\"sat\":[\"07:30\",\"20:00\"],\"sun\":\"closed\"},\"holidays\":[]}', '[]', '2013-06-06 02:46:05', '2013-06-06 02:46:05', 3);
INSERT INTO `place` (`place_id`, `place_id_place`, `place_name`, `place_info`, `place_location_lat`, `place_location_long`, `place_hours`, `place_features`, `place_updated`, `place_registered`, `place_group`) VALUES
	(6921, 14041, 'MENY Dolviken', '{\"address\":\"Dolvikvegen 36\",\"addressFormatted\":\"Dolvikvegen 36, S\\u00d8reidgrend, Norge\",\"city\":\"S\\u00d8reidgrend\",\"zip\":null,\"phone\":\"55526200\",\"municipal\":null,\"county\":null,\"link\":null,\"email\":\"butikksjef.dolviken@ngbutikk.net\",\"country\":\"Norge\"}', 60.3085244, 5.273374, '{\"regular\":{\"mon\":[\"09:00\",\"22:00\"],\"tue\":[\"09:00\",\"22:00\"],\"wed\":[\"09:00\",\"22:00\"],\"thu\":[\"09:00\",\"22:00\"],\"fri\":[\"09:00\",\"22:00\"],\"sat\":[\"09:00\",\"20:00\"],\"sun\":\"closed\"},\"holidays\":[]}', '[]', '2013-06-06 02:47:44', '2013-06-06 02:47:44', 3);
INSERT INTO `place` (`place_id`, `place_id_place`, `place_name`, `place_info`, `place_location_lat`, `place_location_long`, `place_hours`, `place_features`, `place_updated`, `place_registered`, `place_group`) VALUES
	(6925, 27503, 'MENY Fantoft', '{\"address\":\"Fantoftveien 16\",\"addressFormatted\":\"Fantoftveien 16, Bergen, Norge\",\"city\":\"Bergen\",\"zip\":null,\"phone\":\"55273200\",\"municipal\":null,\"county\":null,\"link\":null,\"email\":\"butikksjef.fantoft@ngbutikk.net\",\"country\":\"Norge\"}', 60.34601, 5.35185, '{\"regular\":{\"mon\":[\"08:00\",\"22:00\"],\"tue\":[\"08:00\",\"22:00\"],\"wed\":[\"08:00\",\"22:00\"],\"thu\":[\"08:00\",\"22:00\"],\"fri\":[\"08:00\",\"22:00\"],\"sat\":[\"09:00\",\"20:00\"],\"sun\":[\"10:00\",\"21:00\"]},\"holidays\":[]}', '[]', '2013-06-06 02:47:44', '2013-06-06 02:47:44', 3);
INSERT INTO `place` (`place_id`, `place_id_place`, `place_name`, `place_info`, `place_location_lat`, `place_location_long`, `place_hours`, `place_features`, `place_updated`, `place_registered`, `place_group`) VALUES
	(6963, 14035, 'MENY Kleppestø', '{\"address\":null,\"addressFormatted\":null,\"city\":null,\"zip\":null,\"phone\":\"91895115\",\"municipal\":null,\"county\":null,\"link\":null,\"email\":\"butikksjef.kleppesto@ngbutikk.net\",\"country\":null}', 60.409139, 5.218654, '{\"regular\":{\"mon\":[\"08:00\",\"23:00\"],\"tue\":[\"08:00\",\"23:00\"],\"wed\":[\"08:00\",\"23:00\"],\"thu\":[\"08:00\",\"23:00\"],\"fri\":[\"08:00\",\"23:00\"],\"sat\":[\"08:00\",\"20:00\"],\"sun\":[\"09:00\",\"21:00\"]},\"holidays\":[]}', '[]', '2013-06-06 02:48:26', '2013-06-06 02:48:26', 3);
INSERT INTO `place` (`place_id`, `place_id_place`, `place_name`, `place_info`, `place_location_lat`, `place_location_long`, `place_hours`, `place_features`, `place_updated`, `place_registered`, `place_group`) VALUES
	(6991, 27508, 'MENY Midtun', '{\"address\":\"Sandbrekkevn.96\",\"addressFormatted\":\"Sandbrekkevn.96, Nesttun, Norge\",\"city\":\"Nesttun\",\"zip\":null,\"phone\":\"55927660\",\"municipal\":null,\"county\":null,\"link\":null,\"email\":\"butikksjef.midtun@ngbutikk.net\",\"country\":\"Norge\"}', 60.3257, 5.36746, '{\"regular\":{\"mon\":[\"08:00\",\"22:00\"],\"tue\":[\"08:00\",\"22:00\"],\"wed\":[\"08:00\",\"22:00\"],\"thu\":[\"08:00\",\"22:00\"],\"fri\":[\"08:00\",\"22:00\"],\"sat\":[\"08:00\",\"20:00\"],\"sun\":null},\"holidays\":[]}', '[]', '2013-06-06 02:51:11', '2013-06-06 02:51:11', 3);
INSERT INTO `place` (`place_id`, `place_id_place`, `place_name`, `place_info`, `place_location_lat`, `place_location_long`, `place_hours`, `place_features`, `place_updated`, `place_registered`, `place_group`) VALUES
	(6996, 14024, 'MENY Nesttun', '{\"address\":\"Nesttunveien 90\",\"addressFormatted\":\"Nesttunveien 90, Nesttun, Norge\",\"city\":\"Nesttun\",\"zip\":null,\"phone\":\"55918150\",\"municipal\":null,\"county\":null,\"link\":null,\"email\":\"butikksjef.nesttun@ngbutikk.net\",\"country\":\"Norge\"}', 60.3199747, 5.3540006, '{\"regular\":{\"mon\":[\"07:00\",\"22:00\"],\"tue\":[\"07:00\",\"22:00\"],\"wed\":[\"07:00\",\"22:00\"],\"thu\":[\"07:00\",\"22:00\"],\"fri\":[\"07:00\",\"22:00\"],\"sat\":[\"09:00\",\"20:00\"],\"sun\":\"closed\"},\"holidays\":[]}', '[]', '2013-06-06 02:51:11', '2013-06-06 02:51:11', 3);
INSERT INTO `place` (`place_id`, `place_id_place`, `place_name`, `place_info`, `place_location_lat`, `place_location_long`, `place_hours`, `place_features`, `place_updated`, `place_registered`, `place_group`) VALUES
	(6999, 13947, 'MENY Oasen Bergen', '{\"address\":\"Folke Bernadottesvei 50\",\"addressFormatted\":\"Folke Bernadottesvei 50, Fyllingsdalen, Norge\",\"city\":\"Fyllingsdalen\",\"zip\":null,\"phone\":\"55173800\",\"municipal\":null,\"county\":null,\"link\":null,\"email\":\"butikksjef.oasenbergen@ngbutikk.net\",\"country\":\"Norge\"}', 60.3489392, 5.2902992, '{\"regular\":{\"mon\":[\"08:00\",\"22:00\"],\"tue\":[\"08:00\",\"22:00\"],\"wed\":[\"08:00\",\"22:00\"],\"thu\":[\"08:00\",\"22:00\"],\"fri\":[\"08:00\",\"22:00\"],\"sat\":[\"08:00\",\"20:00\"],\"sun\":\"closed\"},\"holidays\":[]}', '[]', '2013-06-06 02:51:21', '2013-06-06 02:51:21', 3);
INSERT INTO `place` (`place_id`, `place_id_place`, `place_name`, `place_info`, `place_location_lat`, `place_location_long`, `place_hours`, `place_features`, `place_updated`, `place_registered`, `place_group`) VALUES
	(7026, 13990, 'MENY Sletten', '{\"address\":\"Vilhelm Bjerknes Vei 4\",\"addressFormatted\":\"Vilhelm Bjerknes Vei 4, Bergen, Norge\",\"city\":\"Bergen\",\"zip\":null,\"phone\":\"55598900\",\"municipal\":null,\"county\":null,\"link\":null,\"email\":\"butikksjef.sletten@ngbutikk.net\",\"country\":\"Norge\"}', 60.3565043, 5.3596681, '{\"regular\":{\"mon\":[\"08:00\",\"21:00\"],\"tue\":[\"08:00\",\"21:00\"],\"wed\":[\"08:00\",\"21:00\"],\"thu\":[\"08:00\",\"21:00\"],\"fri\":[\"08:00\",\"21:00\"],\"sat\":[\"09:00\",\"20:00\"],\"sun\":\"closed\"},\"holidays\":[]}', '[]', '2013-06-06 02:51:35', '2013-06-06 02:51:35', 3);
INSERT INTO `place` (`place_id`, `place_id_place`, `place_name`, `place_info`, `place_location_lat`, `place_location_long`, `place_hours`, `place_features`, `place_updated`, `place_registered`, `place_group`) VALUES
	(7039, 27522, 'MENY Støletorget', '{\"address\":\"St\\u00f8legaten 15\",\"addressFormatted\":\"St\\u00f8legaten 15, Bergen, Norge\",\"city\":\"Bergen\",\"zip\":null,\"phone\":\"55544880\",\"municipal\":null,\"county\":null,\"link\":null,\"email\":\"butikksjef.stoletorget@ngbutikk.net\",\"country\":\"Norge\"}', 60.39978, 5.32543, '{\"regular\":{\"mon\":[\"09:00\",\"21:00\"],\"tue\":[\"09:00\",\"21:00\"],\"wed\":[\"09:00\",\"21:00\"],\"thu\":[\"09:00\",\"21:00\"],\"fri\":[\"09:00\",\"21:00\"],\"sat\":[\"09:00\",\"20:00\"],\"sun\":null},\"holidays\":[]}', '[]', '2013-06-06 02:51:51', '2013-06-06 02:51:51', 3);
INSERT INTO `place` (`place_id`, `place_id_place`, `place_name`, `place_info`, `place_location_lat`, `place_location_long`, `place_hours`, `place_features`, `place_updated`, `place_registered`, `place_group`) VALUES
	(7054, 27505, 'Meny Vestkanten', '{\"address\":\"Vestkanten Storsenter\",\"addressFormatted\":\"Vestkanten Storsenter, Loddefjord, Norge\",\"city\":\"Loddefjord\",\"zip\":null,\"phone\":\"21612000\",\"municipal\":null,\"county\":null,\"link\":null,\"email\":\"butikksjef.vestkanten@ngbutikk.net\",\"country\":\"Norge\"}', 60.36322, 5.23347, '{\"regular\":{\"mon\":[\"09:00\",\"22:00\"],\"tue\":[\"09:00\",\"22:00\"],\"wed\":[\"09:00\",\"22:00\"],\"thu\":[\"09:00\",\"22:00\"],\"fri\":[\"09:00\",\"22:00\"],\"sat\":[\"09:00\",\"20:00\"],\"sun\":null},\"holidays\":[]}', '[]', '2013-06-06 02:51:58', '2013-06-06 02:51:58', 3);
INSERT INTO `place` (`place_id`, `place_id_place`, `place_name`, `place_info`, `place_location_lat`, `place_location_long`, `place_hours`, `place_features`, `place_updated`, `place_registered`, `place_group`) VALUES
	(7068, 26935, 'Meny Åsane Storsenter', '{\"address\":\"\\u00c5sane Senter 21\",\"addressFormatted\":\"\\u00c5sane Senter 21, Ulset, Norge\",\"city\":\"Ulset\",\"zip\":null,\"phone\":\"55253250\",\"municipal\":null,\"county\":null,\"link\":null,\"email\":\"butikksjef.asanestorsenter@ngbutikk.net\",\"country\":\"Norge\"}', 60.4653216, 5.3220753, '{\"regular\":{\"mon\":[\"08:00\",\"22:00\"],\"tue\":[\"08:00\",\"22:00\"],\"wed\":[\"08:00\",\"22:00\"],\"thu\":[\"08:00\",\"22:00\"],\"fri\":[\"08:00\",\"22:00\"],\"sat\":[\"09:00\",\"20:00\"],\"sun\":\"closed\"},\"holidays\":[]}', '[]', '2013-06-06 02:52:11', '2013-06-06 02:52:11', 3);
INSERT INTO `place` (`place_id`, `place_id_place`, `place_name`, `place_info`, `place_location_lat`, `place_location_long`, `place_hours`, `place_features`, `place_updated`, `place_registered`, `place_group`) VALUES
	(7135, 1975, 'SPAR Bønes', '{\"address\":\"V\\u00e5kleiven 43\",\"addressFormatted\":\"V\\u00e5kleiven 43, B\\u00d8nes, Norge\",\"city\":\"B\\u00d8nes\",\"zip\":\"5155\",\"phone\":null,\"municipal\":null,\"county\":null,\"link\":\"\\/Finn-butikk\\/Hordaland\\/SPAR-Bones\\/\",\"email\":null,\"country\":\"Norge\"}', 60.328397, 5.293882, '{\"regular\":{\"mon\":null,\"tue\":null,\"wed\":null,\"thu\":null,\"fri\":null,\"sat\":null,\"sun\":null},\"holidays\":[]}', '[]', NULL, '2013-06-06 03:20:17', 6);
INSERT INTO `place` (`place_id`, `place_id_place`, `place_name`, `place_info`, `place_location_lat`, `place_location_long`, `place_hours`, `place_features`, `place_updated`, `place_registered`, `place_group`) VALUES
	(7138, 1944, 'SPAR Eikeviken', '{\"address\":\"Helleveien 141\",\"addressFormatted\":\"Helleveien 141, Bergen, Norge\",\"city\":\"Bergen\",\"zip\":\"5039\",\"phone\":null,\"municipal\":null,\"county\":null,\"link\":\"\\/Finn-butikk\\/Hordaland\\/SPAR-Eikeviken\\/\",\"email\":null,\"country\":\"Norge\"}', 60.4283552, 5.2941276, '{\"regular\":{\"mon\":null,\"tue\":null,\"wed\":null,\"thu\":null,\"fri\":null,\"sat\":null,\"sun\":null},\"holidays\":[]}', '[]', NULL, '2013-06-06 03:20:17', 6);
INSERT INTO `place` (`place_id`, `place_id_place`, `place_name`, `place_info`, `place_location_lat`, `place_location_long`, `place_hours`, `place_features`, `place_updated`, `place_registered`, `place_group`) VALUES
	(7140, 1954, 'SPAR Follese', '{\"address\":\"Follesvegen 267\",\"addressFormatted\":\"Follesvegen 267, Follese, Norge\",\"city\":\"Follese\",\"zip\":\"5303\",\"phone\":null,\"municipal\":null,\"county\":null,\"link\":\"\\/Finn-butikk\\/Hordaland\\/SPAR-Follese\\/\",\"email\":null,\"country\":\"Norge\"}', 60.4086115, 5.1563384, '{\"regular\":{\"mon\":null,\"tue\":null,\"wed\":null,\"thu\":null,\"fri\":null,\"sat\":null,\"sun\":null},\"holidays\":[]}', '[]', NULL, '2013-06-06 03:20:17', 6);
INSERT INTO `place` (`place_id`, `place_id_place`, `place_name`, `place_info`, `place_location_lat`, `place_location_long`, `place_hours`, `place_features`, `place_updated`, `place_registered`, `place_group`) VALUES
	(7147, 1980, 'SPAR Karensfryd', '{\"address\":\"Frydenb\\u00f8lien 17\",\"addressFormatted\":\"Frydenb\\u00f8lien 17, Bergen, Norge\",\"city\":\"Bergen\",\"zip\":\"5056\",\"phone\":null,\"municipal\":null,\"county\":null,\"link\":\"\\/Finn-butikk\\/Hordaland\\/SPAR-Karensfryd\\/\",\"email\":null,\"country\":\"Norge\"}', 60.381795, 5.3119499, '{\"regular\":{\"mon\":null,\"tue\":null,\"wed\":null,\"thu\":null,\"fri\":null,\"sat\":null,\"sun\":null},\"holidays\":[]}', '[]', NULL, '2013-06-06 03:20:17', 6);
INSERT INTO `place` (`place_id`, `place_id_place`, `place_name`, `place_info`, `place_location_lat`, `place_location_long`, `place_hours`, `place_features`, `place_updated`, `place_registered`, `place_group`) VALUES
	(7150, 1950, 'SPAR Lone', '{\"address\":\"Hardangervegen 700\",\"addressFormatted\":\"Hardangervegen 700, Haukeland, Norge\",\"city\":\"Haukeland\",\"zip\":\"5268\",\"phone\":null,\"municipal\":null,\"county\":null,\"link\":\"\\/Finn-butikk\\/Hordaland\\/SPAR-Lone\\/\",\"email\":null,\"country\":\"Norge\"}', 60.3750965, 5.4569225, '{\"regular\":{\"mon\":null,\"tue\":null,\"wed\":null,\"thu\":null,\"fri\":null,\"sat\":null,\"sun\":null},\"holidays\":[]}', '[]', NULL, '2013-06-06 03:20:17', 6);
INSERT INTO `place` (`place_id`, `place_id_place`, `place_name`, `place_info`, `place_location_lat`, `place_location_long`, `place_hours`, `place_features`, `place_updated`, `place_registered`, `place_group`) VALUES
	(7157, 1988, 'SPAR Sikthaugen', '{\"address\":\"Sikthaugen Terrasse 1\",\"addressFormatted\":\"Sikthaugen Terrasse 1, Fyllingsdalen, Norge\",\"city\":\"Fyllingsdalen\",\"zip\":\"5145\",\"phone\":null,\"municipal\":null,\"county\":null,\"link\":\"\\/Finn-butikk\\/Hordaland\\/SPAR-Sikthaugen\\/\",\"email\":null,\"country\":\"Norge\"}', 60.3590342, 5.3003782, '{\"regular\":{\"mon\":null,\"tue\":null,\"wed\":null,\"thu\":null,\"fri\":null,\"sat\":null,\"sun\":null},\"holidays\":[]}', '[]', NULL, '2013-06-06 03:20:17', 6);
INSERT INTO `place` (`place_id`, `place_id_place`, `place_name`, `place_info`, `place_location_lat`, `place_location_long`, `place_hours`, `place_features`, `place_updated`, `place_registered`, `place_group`) VALUES
	(7158, 1987, 'SPAR Skjoldtun', '{\"address\":\"Hjorteveien 2\",\"addressFormatted\":\"Hjorteveien 2, R\\u00c5dal, Norge\",\"city\":\"R\\u00c5dal\",\"zip\":\"5236\",\"phone\":null,\"municipal\":null,\"county\":null,\"link\":\"\\/Finn-butikk\\/Hordaland\\/SPAR-Skjoldtun\\/\",\"email\":null,\"country\":\"Norge\"}', 60.3035539, 5.3376277, '{\"regular\":{\"mon\":null,\"tue\":null,\"wed\":null,\"thu\":null,\"fri\":null,\"sat\":null,\"sun\":null},\"holidays\":[]}', '[]', NULL, '2013-06-06 03:20:17', 6);
INSERT INTO `place` (`place_id`, `place_id_place`, `place_name`, `place_info`, `place_location_lat`, `place_location_long`, `place_hours`, `place_features`, `place_updated`, `place_registered`, `place_group`) VALUES
	(7169, 1956, 'SPAR Øyjorden', '{\"address\":\"\\u00d8yjordsveien 1\",\"addressFormatted\":\"\\u00d8yjordsveien 1, Bergen, Norge\",\"city\":\"Bergen\",\"zip\":\"5038\",\"phone\":null,\"municipal\":null,\"county\":null,\"link\":\"\\/Finn-butikk\\/Hordaland\\/SPAR-Oyjorden\\/\",\"email\":null,\"country\":\"Norge\"}', 60.4248763, 5.3055468, '{\"regular\":{\"mon\":null,\"tue\":null,\"wed\":null,\"thu\":null,\"fri\":null,\"sat\":null,\"sun\":null},\"holidays\":[]}', '[]', NULL, '2013-06-06 03:20:17', 6);
INSERT INTO `place` (`place_id`, `place_id_place`, `place_name`, `place_info`, `place_location_lat`, `place_location_long`, `place_hours`, `place_features`, `place_updated`, `place_registered`, `place_group`) VALUES
	(7170, 8393, 'SPAR Øyrane Torg', '{\"address\":\"\\u00d8yrane Torg\",\"addressFormatted\":\"\\u00d8yrane Torg, Indre Arna, Norge\",\"city\":\"Indre Arna\",\"zip\":\"5260\",\"phone\":null,\"municipal\":null,\"county\":null,\"link\":\"\\/Finn-butikk\\/Hordaland\\/SPAR-Oyrane-Torg\\/\",\"email\":null,\"country\":\"Norge\"}', 60.4213174, 5.4650282, '{\"regular\":{\"mon\":null,\"tue\":null,\"wed\":null,\"thu\":null,\"fri\":null,\"sat\":null,\"sun\":null},\"holidays\":[]}', '[]', NULL, '2013-06-06 03:20:17', 6);
INSERT INTO `place` (`place_id`, `place_id_place`, `place_name`, `place_info`, `place_location_lat`, `place_location_long`, `place_hours`, `place_features`, `place_updated`, `place_registered`, `place_group`) VALUES
	(7440, 4210, 'Joker Brønndalen', '{\"address\":\"Br\\u00f8nndals\\u00e5sen 1-3\",\"addressFormatted\":\"Br\\u00f8nndals\\u00e5sen 1-3, Loddefjord, Norge\",\"city\":\"Loddefjord\",\"zip\":\"5178\",\"phone\":null,\"municipal\":null,\"county\":null,\"link\":\"\\/Butikkene\\/Hordaland\\/Joker-Bronndalen\\/\",\"email\":null,\"country\":\"Norge\"}', 60.3732093, 5.2223479, '{\"regular\":{\"mon\":null,\"tue\":null,\"wed\":null,\"thu\":null,\"fri\":null,\"sat\":null,\"sun\":null},\"holidays\":[]}', '[]', NULL, '2013-06-06 03:20:21', 7);
INSERT INTO `place` (`place_id`, `place_id_place`, `place_name`, `place_info`, `place_location_lat`, `place_location_long`, `place_hours`, `place_features`, `place_updated`, `place_registered`, `place_group`) VALUES
	(7456, 4887, 'Joker Kaien Brattholmen', '{\"address\":\"Brattholmen Kai\",\"addressFormatted\":\"Brattholmen Kai, Brattholmen, Norge\",\"city\":\"Brattholmen\",\"zip\":\"5350\",\"phone\":null,\"municipal\":null,\"county\":null,\"link\":\"\\/Butikkene\\/Hordaland\\/Joker-Kaien-Brattholmen\\/\",\"email\":null,\"country\":\"Norge\"}', 60.3509856, 5.1541706, '{\"regular\":{\"mon\":null,\"tue\":null,\"wed\":null,\"thu\":null,\"fri\":null,\"sat\":null,\"sun\":null},\"holidays\":[]}', '[]', NULL, '2013-06-06 03:20:21', 7);
INSERT INTO `place` (`place_id`, `place_id_place`, `place_name`, `place_info`, `place_location_lat`, `place_location_long`, `place_hours`, `place_features`, `place_updated`, `place_registered`, `place_group`) VALUES
	(7457, 5960, 'Joker Natland', '{\"address\":\"Natlandsveien 81\",\"addressFormatted\":\"Natlandsveien 81, Bergen, Norge\",\"city\":\"Bergen\",\"zip\":\"5094\",\"phone\":null,\"municipal\":null,\"county\":null,\"link\":\"\\/Butikkene\\/Hordaland\\/Joker-Natland\\/\",\"email\":null,\"country\":\"Norge\"}', 60.3581538, 5.3678125, '{\"regular\":{\"mon\":null,\"tue\":null,\"wed\":null,\"thu\":null,\"fri\":null,\"sat\":null,\"sun\":null},\"holidays\":[]}', '[]', NULL, '2013-06-06 03:20:21', 7);
INSERT INTO `place` (`place_id`, `place_id_place`, `place_name`, `place_info`, `place_location_lat`, `place_location_long`, `place_hours`, `place_features`, `place_updated`, `place_registered`, `place_group`) VALUES
	(7463, 1891, 'Joker Sandviken', '{\"address\":\"Gjeble Pederss\\u00f8ns Gate 13\",\"addressFormatted\":\"Gjeble Pederss\\u00f8ns Gate 13, Bergen, Norge\",\"city\":\"Bergen\",\"zip\":\"5034\",\"phone\":null,\"municipal\":null,\"county\":null,\"link\":\"\\/Butikkene\\/Hordaland\\/Joker-Sandviken\\/\",\"email\":null,\"country\":\"Norge\"}', 60.4022927, 5.3281142, '{\"regular\":{\"mon\":null,\"tue\":null,\"wed\":null,\"thu\":null,\"fri\":null,\"sat\":null,\"sun\":null},\"holidays\":[]}', '[]', NULL, '2013-06-06 03:20:21', 7);
INSERT INTO `place` (`place_id`, `place_id_place`, `place_name`, `place_info`, `place_location_lat`, `place_location_long`, `place_hours`, `place_features`, `place_updated`, `place_registered`, `place_group`) VALUES
	(7469, 3052, 'Joker Søndre Skogvei', '{\"address\":\"S\\u00f8ndre Skogvei 50\",\"addressFormatted\":\"S\\u00f8ndre Skogvei 50, Bergen, Norge\",\"city\":\"Bergen\",\"zip\":\"5055\",\"phone\":null,\"municipal\":null,\"county\":null,\"link\":\"\\/Butikkene\\/Hordaland\\/Joker-Sondre-Skogvei\\/\",\"email\":null,\"country\":\"Norge\"}', 60.3704741, 5.3352966, '{\"regular\":{\"mon\":null,\"tue\":null,\"wed\":null,\"thu\":null,\"fri\":null,\"sat\":null,\"sun\":null},\"holidays\":[]}', '[]', NULL, '2013-06-06 03:20:21', 7);
INSERT INTO `place` (`place_id`, `place_id_place`, `place_name`, `place_info`, `place_location_lat`, `place_location_long`, `place_hours`, `place_features`, `place_updated`, `place_registered`, `place_group`) VALUES
	(8232, 175, 'Bunnpris & Gourmet Møllendalsbakken', '{\"address\":\"M\\u00f8llendalsveien 61 B\",\"addressFormatted\":\"M\\u00f8llendalsveien 61 B, Bergen, Norge\",\"city\":\"Bergen\",\"zip\":\"5009\",\"phone\":\"55 20 03 40\",\"municipal\":null,\"county\":null,\"link\":null,\"email\":\"bpmollendalsbakken@bunnpris.no\",\"country\":\"Norge\"}', 60.3778, 5.3522, '{\"regular\":{\"mon\":[\"08:00\",\"22:00\"],\"tue\":[\"08:00\",\"22:00\"],\"wed\":[\"08:00\",\"22:00\"],\"thu\":[\"08:00\",\"22:00\"],\"fri\":[\"08:00\",\"22:00\"],\"sat\":[\"08:00\",\"20:00\"],\"sun\":[\"10:00\",\"22:00\"]},\"specialdays\":{\"1368748800\":\"fri\",\"1387929600\":\"closed\",\"1388016000\":\"thu\"}}', '[]', NULL, '2013-06-06 14:00:04', 4);
INSERT INTO `place` (`place_id`, `place_id_place`, `place_name`, `place_info`, `place_location_lat`, `place_location_long`, `place_hours`, `place_features`, `place_updated`, `place_registered`, `place_group`) VALUES
	(8303, 171, 'Bunnpris Hope', '{\"address\":\"Inndalsveien 102\",\"addressFormatted\":\"Inndalsveien 102, Bergen, Norge\",\"city\":\"Bergen\",\"zip\":\"5063 \",\"phone\":\"55 29 89 26\",\"municipal\":null,\"county\":null,\"link\":null,\"email\":\"bphope@bunnpris.no\",\"country\":\"Norge\"}', 60.3633, 5.3522, '{\"regular\":{\"mon\":[\"08:00\",\"22:00\"],\"tue\":[\"08:00\",\"22:00\"],\"wed\":[\"08:00\",\"22:00\"],\"thu\":[\"08:00\",\"22:00\"],\"fri\":[\"08:00\",\"22:00\"],\"sat\":[\"08:00\",\"20:00\"],\"sun\":\"closed\"},\"specialdays\":{\"1368748800\":\"closed\",\"1387929600\":\"closed\",\"1388016000\":\"closed\"}}', '[]', NULL, '2013-06-06 14:00:04', 4);
INSERT INTO `place` (`place_id`, `place_id_place`, `place_name`, `place_info`, `place_location_lat`, `place_location_long`, `place_hours`, `place_features`, `place_updated`, `place_registered`, `place_group`) VALUES
	(8319, 172, 'Bunnpris Korskirken', '{\"address\":\"Nedre Korskirkeallmenningen 3 A\",\"addressFormatted\":\"Nedre Korskirkeallmenningen 3 A, Bergen, Norge\",\"city\":\"Bergen\",\"zip\":\"5017\",\"phone\":\"55 56 03 60\",\"municipal\":null,\"county\":null,\"link\":null,\"email\":\"bpkorskirken@bunnpris.no\",\"country\":\"Norge\"}', 60.395, 5.329, '{\"regular\":{\"mon\":[\"09:00\",\"22:00\"],\"tue\":[\"09:00\",\"22:00\"],\"wed\":[\"09:00\",\"22:00\"],\"thu\":[\"09:00\",\"22:00\"],\"fri\":[\"09:00\",\"22:00\"],\"sat\":[\"09:00\",\"22:00\"],\"sun\":[\"11:00\",\"22:00\"]},\"specialdays\":{\"1368748800\":\"closed\",\"1387929600\":\"closed\",\"1388016000\":\"closed\"}}', '[]', NULL, '2013-06-06 14:00:04', 4);
INSERT INTO `place` (`place_id`, `place_id_place`, `place_name`, `place_info`, `place_location_lat`, `place_location_long`, `place_hours`, `place_features`, `place_updated`, `place_registered`, `place_group`) VALUES
	(8335, 173, 'Bunnpris Lindvik', '{\"address\":\"Bekkeveien 14\",\"addressFormatted\":\"Bekkeveien 14, Bergen, Norge\",\"city\":\"Bergen\",\"zip\":\"5096\",\"phone\":\"55 29 78 67 \",\"municipal\":null,\"county\":null,\"link\":null,\"email\":\"bplindvik@bunnpris.no\",\"country\":\"Norge\"}', 60.3674, 5.367, '{\"regular\":{\"mon\":[\"09:00\",\"22:00\"],\"tue\":[\"09:00\",\"22:00\"],\"wed\":[\"09:00\",\"22:00\"],\"thu\":[\"09:00\",\"22:00\"],\"fri\":[\"09:00\",\"22:00\"],\"sat\":[\"09:00\",\"20:00\"],\"sun\":\"closed\"},\"specialdays\":{\"1368748800\":\"closed\",\"1387929600\":\"closed\",\"1388016000\":\"closed\"}}', '[]', NULL, '2013-06-06 14:00:04', 4);
INSERT INTO `place` (`place_id`, `place_id_place`, `place_name`, `place_info`, `place_location_lat`, `place_location_long`, `place_hours`, `place_features`, `place_updated`, `place_registered`, `place_group`) VALUES
	(8343, 174, 'Bunnpris Montana', '{\"address\":\"L\\u00e6gdesvingen 61\",\"addressFormatted\":\"L\\u00e6gdesvingen 61, Bergen, Norge\",\"city\":\"Bergen\",\"zip\":\"5096\",\"phone\":\"55 29 66 34\",\"municipal\":null,\"county\":null,\"link\":null,\"email\":\"bpmontana@bunnpris.no\",\"country\":\"Norge\"}', 60.371, 5.368, '{\"regular\":{\"mon\":[\"09:00\",\"21:00\"],\"tue\":[\"09:00\",\"21:00\"],\"wed\":[\"09:00\",\"21:00\"],\"thu\":[\"09:00\",\"21:00\"],\"fri\":[\"09:00\",\"21:00\"],\"sat\":[\"09:00\",\"20:00\"],\"sun\":\"closed\"},\"specialdays\":{\"1368748800\":\"closed\",\"1387929600\":\"closed\",\"1388016000\":\"closed\"}}', '[]', NULL, '2013-06-06 14:00:04', 4);
INSERT INTO `place` (`place_id`, `place_id_place`, `place_name`, `place_info`, `place_location_lat`, `place_location_long`, `place_hours`, `place_features`, `place_updated`, `place_registered`, `place_group`) VALUES
	(8350, 176, 'Bunnpris Nordnes', '{\"address\":\"C. Sundts Gate 57\",\"addressFormatted\":\"C. Sundts Gate 57, Bergen, Norge\",\"city\":\"Bergen\",\"zip\":\"5004\",\"phone\":\"55 33 01 10\",\"municipal\":null,\"county\":null,\"link\":null,\"email\":\"BPnordnes@bunnpris.no\",\"country\":\"Norge\"}', 60.3983, 5.3111, '{\"regular\":{\"mon\":null,\"tue\":null,\"wed\":null,\"thu\":null,\"fri\":null,\"sat\":null,\"sun\":null},\"specialdays\":{\"1368748800\":\"closed\",\"1387929600\":\"closed\",\"1388016000\":\"closed\"}}', '[]', NULL, '2013-06-06 14:00:04', 4);
INSERT INTO `place` (`place_id`, `place_id_place`, `place_name`, `place_info`, `place_location_lat`, `place_location_long`, `place_hours`, `place_features`, `place_updated`, `place_registered`, `place_group`) VALUES
	(8354, 177, 'Bunnpris Nygårdsgaten', '{\"address\":\"Nyg\\u00e5rdsgaten 89\",\"addressFormatted\":\"Nyg\\u00e5rdsgaten 89, Bergen, Norge\",\"city\":\"Bergen\",\"zip\":\"5008\",\"phone\":\"55 32 80 40\",\"municipal\":null,\"county\":null,\"link\":null,\"email\":\"bpnygardsgaten@bunnpris.no\",\"country\":\"Norge\"}', 60.3852, 5.3314, '{\"regular\":{\"mon\":[\"07:00\",\"22:00\"],\"tue\":[\"07:00\",\"22:00\"],\"wed\":[\"07:00\",\"22:00\"],\"thu\":[\"07:00\",\"22:00\"],\"fri\":[\"07:00\",\"22:00\"],\"sat\":[\"09:00\",\"22:00\"],\"sun\":[\"11:00\",\"22:00\"]},\"specialdays\":{\"1368748800\":\"fri\",\"1387929600\":\"closed\",\"1388016000\":\"closed\"}}', '[]', NULL, '2013-06-06 14:00:04', 4);
INSERT INTO `place` (`place_id`, `place_id_place`, `place_name`, `place_info`, `place_location_lat`, `place_location_long`, `place_hours`, `place_features`, `place_updated`, `place_registered`, `place_group`) VALUES
	(8391, 178, 'Bunnpris Smiberget', '{\"address\":\"Ture Nermannsvei\",\"addressFormatted\":\"Ture Nermannsvei, Fyllingsdalen, Norge\",\"city\":\"Fyllingsdalen\",\"zip\":\"5143\",\"phone\":\"55 16 38 07\",\"municipal\":null,\"county\":null,\"link\":null,\"email\":\"bpsmiberget@bunnpris.no\",\"country\":\"Norge\"}', 60.3486, 5.2888, '{\"regular\":{\"mon\":[\"09:00\",\"22:00\"],\"tue\":[\"09:00\",\"22:00\"],\"wed\":[\"09:00\",\"22:00\"],\"thu\":[\"09:00\",\"22:00\"],\"fri\":[\"09:00\",\"22:00\"],\"sat\":[\"09:00\",\"22:00\"],\"sun\":[\"11:00\",\"22:00\"]},\"specialdays\":{\"1368748800\":\"closed\",\"1387929600\":\"closed\",\"1388016000\":\"closed\"}}', '[]', NULL, '2013-06-06 14:00:04', 4);
INSERT INTO `place` (`place_id`, `place_id_place`, `place_name`, `place_info`, `place_location_lat`, `place_location_long`, `place_hours`, `place_features`, `place_updated`, `place_registered`, `place_group`) VALUES
	(8404, 179, 'Bunnpris Strønen', '{\"address\":\"Wernerholmsvei 53\",\"addressFormatted\":\"Wernerholmsvei 53, Paradis, Norge\",\"city\":\"Paradis\",\"zip\":\"5232\",\"phone\":\"55 92 47 64\",\"municipal\":null,\"county\":null,\"link\":null,\"email\":\"bpstronen@bunnpris.no\",\"country\":\"Norge\"}', 60.3371, 5.3452, '{\"regular\":{\"mon\":[\"09:00\",\"22:00\"],\"tue\":[\"09:00\",\"22:00\"],\"wed\":[\"09:00\",\"22:00\"],\"thu\":[\"09:00\",\"22:00\"],\"fri\":[\"09:00\",\"22:00\"],\"sat\":[\"09:00\",\"22:00\"],\"sun\":[\"11:00\",\"22:00\"]},\"specialdays\":{\"1368748800\":\"closed\",\"1387929600\":\"closed\",\"1388016000\":\"closed\"}}', '[]', NULL, '2013-06-06 14:00:04', 4);
INSERT INTO `place` (`place_id`, `place_id_place`, `place_name`, `place_info`, `place_location_lat`, `place_location_long`, `place_hours`, `place_features`, `place_updated`, `place_registered`, `place_group`) VALUES
	(8420, 180, 'Bunnpris Ulvedalen', '{\"address\":\"Ulvedalen Torg\",\"addressFormatted\":\"Ulvedalen Torg, Flaktveit, Norge\",\"city\":\"Flaktveit\",\"zip\":\"5134\",\"phone\":\"55 19 24 40\",\"municipal\":null,\"county\":null,\"link\":null,\"email\":\"bpulvedalen@bunnpris.no\",\"country\":\"Norge\"}', 60.465, 5.3613, '{\"regular\":{\"mon\":[\"08:00\",\"22:00\"],\"tue\":[\"08:00\",\"22:00\"],\"wed\":[\"08:00\",\"22:00\"],\"thu\":[\"08:00\",\"22:00\"],\"fri\":[\"08:00\",\"22:00\"],\"sat\":[\"08:00\",\"1:00\"],\"sun\":[\"10:00\",\"1:00\"]},\"specialdays\":{\"1368748800\":\"closed\",\"1387929600\":\"closed\",\"1388016000\":\"closed\"}}', '[]', NULL, '2013-06-06 14:00:04', 4);
INSERT INTO `place` (`place_id`, `place_id_place`, `place_name`, `place_info`, `place_location_lat`, `place_location_long`, `place_hours`, `place_features`, `place_updated`, `place_registered`, `place_group`) VALUES
	(8424, 181, 'Bunnpris Varden', '{\"address\":\"Vardensvingen 1\",\"addressFormatted\":\"Vardensvingen 1, Fyllingsdalen, Norge\",\"city\":\"Fyllingsdalen\",\"zip\":\"5141\",\"phone\":\"412 95 659\",\"municipal\":null,\"county\":null,\"link\":null,\"email\":\"bpvarden@bunnpris.no\",\"country\":\"Norge\"}', 60.3347, 5.2653, '{\"regular\":{\"mon\":[\"08:00\",\"22:00\"],\"tue\":[\"08:00\",\"22:00\"],\"wed\":[\"08:00\",\"22:00\"],\"thu\":[\"08:00\",\"22:00\"],\"fri\":[\"08:00\",\"22:00\"],\"sat\":null,\"sun\":null},\"specialdays\":{\"1368748800\":\"closed\",\"1387929600\":\"closed\",\"1388016000\":\"closed\"}}', '[]', NULL, '2013-06-06 14:00:04', 4);
INSERT INTO `place` (`place_id`, `place_id_place`, `place_name`, `place_info`, `place_location_lat`, `place_location_long`, `place_hours`, `place_features`, `place_updated`, `place_registered`, `place_group`) VALUES
	(8434, 235, 'Bunnpris Vågsbunnen', '{\"address\":\"Nedre Korskirkeallmenning 2\",\"addressFormatted\":\"Nedre Korskirkeallmenning 2, Bergen, Norge\",\"city\":\"Bergen\",\"zip\":\"5017\",\"phone\":\"\",\"municipal\":null,\"county\":null,\"link\":null,\"email\":\"BPVagsbunnen@bunnpris.no \",\"country\":\"Norge\"}', 60.3944, 5.3265, '{\"regular\":{\"mon\":null,\"tue\":null,\"wed\":null,\"thu\":null,\"fri\":null,\"sat\":null,\"sun\":null},\"specialdays\":{\"1368748800\":\"fri\",\"1387929600\":\"closed\",\"1388016000\":\"closed\"}}', '[]', NULL, '2013-06-06 14:00:04', 4);
INSERT INTO `place` (`place_id`, `place_id_place`, `place_name`, `place_info`, `place_location_lat`, `place_location_long`, `place_hours`, `place_features`, `place_updated`, `place_registered`, `place_group`) VALUES
	(8436, 183, 'Bunnpris Welhavensgate', '{\"address\":\"Welhavensgate 52\",\"addressFormatted\":\"Welhavensgate 52, Bergen, Norge\",\"city\":\"Bergen\",\"zip\":\"5006\",\"phone\":\"55 59 59 73\",\"municipal\":null,\"county\":null,\"link\":null,\"email\":\"bpwelhavensgate@bunnpris.no\",\"country\":\"Norge\"}', 60.3853, 5.3219, '{\"regular\":{\"mon\":[\"08:00\",\"22:00\"],\"tue\":[\"08:00\",\"22:00\"],\"wed\":[\"08:00\",\"22:00\"],\"thu\":[\"08:00\",\"22:00\"],\"fri\":[\"08:00\",\"22:00\"],\"sat\":[\"08:00\",\"22:00\"],\"sun\":[\"11:00\",\"22:00\"]},\"specialdays\":{\"1368748800\":\"closed\",\"1387929600\":\"closed\",\"1388016000\":\"thu\"}}', '[]', NULL, '2013-06-06 14:00:04', 4);
/*!40000 ALTER TABLE `place` ENABLE KEYS */;


-- Dumping structure for table aapent_test.place_group
DROP TABLE IF EXISTS `place_group`;
CREATE TABLE `place_group` (
  `place_group_id` tinyint(3) NOT NULL AUTO_INCREMENT,
  `place_group_name` varchar(255) NOT NULL,
  `place_group_type` varchar(100) NOT NULL COMMENT 'Predefined types',
  `place_group_info` text NOT NULL COMMENT 'JSON',
  `place_group_urls` text NOT NULL COMMENT 'JSON',
  `place_group_updated` datetime DEFAULT NULL,
  `place_group_registered` timestamp NOT NULL DEFAULT CURRENT_TIMESTAMP,
  PRIMARY KEY (`place_group_id`)
) ENGINE=InnoDB AUTO_INCREMENT=8 DEFAULT CHARSET=utf8;


-- Dumping data for table aapent_test.place_group: ~7 rows (approximately)
/*!40000 ALTER TABLE `place_group` DISABLE KEYS */;
INSERT INTO `place_group` (`place_group_id`, `place_group_name`, `place_group_type`, `place_group_info`, `place_group_urls`, `place_group_updated`, `place_group_registered`) VALUES
	(1, 'Rimi', 'rimi', '{ \"icon\" : \"image/logo/logo_rimi.png\",\r\n\"pin\" : \"image/icon/markers/pin_rimi.png\", \"types\" : [ \"grocery_or_supermarket\", \"establishment\" ], \"matchPlace\" : \"^Rimi\\\\s\" }', '{ \"group\" : { \r\n\"url\" : \"http://rimi.no/js/shops_json.txt?v=1368987570\" } }', NULL, '2013-05-26 18:20:44');
INSERT INTO `place_group` (`place_group_id`, `place_group_name`, `place_group_type`, `place_group_info`, `place_group_urls`, `place_group_updated`, `place_group_registered`) VALUES
	(2, 'Kiwi', 'kiwi', '{ \"icon\" : \"image/logo/logo_kiwi.png\", \"pin\" : \"image/icon/markers/pin_kiwi.png\", \"types\" : [ \"grocery_or_supermarket\", \"establishment\" ], \"matchPlace\" : \"^Kiwi\\\\s\" }', '{ \"group\" : { \r\n\"url\" : \"https://service-dk.norgesgruppen.no/api/FindStore/StoresClosestToMe/1100/?latitude=59.258875705352054&longitude=9.543037505640521&minnumberofstores=1&maxNumberOfStores=0&maxDistance=1380216&_=1369860019648\" } }', NULL, '2013-05-27 13:18:50');
INSERT INTO `place_group` (`place_group_id`, `place_group_name`, `place_group_type`, `place_group_info`, `place_group_urls`, `place_group_updated`, `place_group_registered`) VALUES
	(3, 'Meny', 'meny', '{ \"icon\" : \"image/logo/logo_meny.png\", \"pin\" : \"image/icon/markers/pin_meny.png\", \"types\" : [ \"grocery_or_supermarket\", \"establishment\" ], \"matchPlace\" : \"^MENY\\\\s\" }', '{\"group\":{ \"url\":\"http://meny.no/WebServices/AJAXService.asmx/GetMarkets\",\"method\":\"POST\",\"post\":{\"dummy\":\"dummy\"}},\"place\":{\"url\":\"http://m.meny.no/article.jsp?url=http://www.meny.no/Info/Finn-din-butikk/%s/\"}}', NULL, '2013-05-27 15:57:51');
INSERT INTO `place_group` (`place_group_id`, `place_group_name`, `place_group_type`, `place_group_info`, `place_group_urls`, `place_group_updated`, `place_group_registered`) VALUES
	(4, 'Bunnpris', 'bunnpris', '{ \"icon\" : \"image/logo/logo_bunnpris.png\", \"pin\" : \"image/icon/markers/pin_bunnpris.png\", \"types\" : [ \"grocery_or_supermarket\", \"establishment\" ], \"matchPlace\" : \"^Bunnpris\\\\s\" }', '{\"group\":{\"url\":\"http://bunnpris.no/mapdata.aspx\"}}', '2013-06-04 20:52:40', '2013-06-04 16:21:01');
INSERT INTO `place_group` (`place_group_id`, `place_group_name`, `place_group_type`, `place_group_info`, `place_group_urls`, `place_group_updated`, `place_group_registered`) VALUES
	(5, 'Rema', 'rema', '{ \"icon\" : \"image/logo/logo_rema.png\",\r\n\"pin\" : \"image/icon/markers/pin_rema.png\", \"types\" : [ \"grocery_or_supermarket\", \"establishment\" ], \"matchPlace\" : \"^REMA 1000\\\\s\" }', '{ \"group\" : { \r\n\"url\" : \"http://www.zpinmedia.com/embed/rema.no/ajax/search.php?&c[z%3Acat%3AALL]=&q=&lang=no&mo=435453&mn=default&json\" } }', NULL, '2013-06-05 21:21:45');
INSERT INTO `place_group` (`place_group_id`, `place_group_name`, `place_group_type`, `place_group_info`, `place_group_urls`, `place_group_updated`, `place_group_registered`) VALUES
	(6, 'Spar', 'spar', '{ \"icon\" : \"image/logo/logo_spar.png\", \"pin\" : \"image/icon/markers/pin_spar.png\", \"types\" : [ \"grocery_or_supermarket\", \"establishment\"], \"matchPlace\" : \"^SPAR\\\\s\" }', '{\"group\":{ \"url\":\"http://www.spar.no/WebServices/AJAXService.asmx/GetMarkets\",\"method\":\"POST\",\"post\":{\"dummy\":\"dummy\"}},\"place\":{\"url\":\"http://m.spar.no/stores.jsp?sitem=%s\"}}', NULL, '2013-06-06 03:19:54');
INSERT INTO `place_group` (`place_group_id`, `place_group_name`, `place_group_type`, `place_group_info`, `place_group_urls`, `place_group_updated`, `place_group_registered`) VALUES
	(7, 'Joker', 'joker', '{ \"icon\" : \"image/logo/logo_joker.png\", \"pin\" : \"image/icon/markers/pin_joker.png\", \"types\" : [ \"grocery_or_supermarket\", \"establishment\"], \"matchPlace\" : \"^Joker\\\\s\" }', '{\"group\":{ \"url\":\"http://www.joker.no/WebServices/AJAXService.asmx/GetMarkets\",\"method\":\"POST\",\"post\":{\"dummy\":\"dummy\"}},\"place\":{\"url\":\"http://m.joker.no/c.jsp?cid=25325861&county=02&sid=%s&shop=details\"}}', NULL, '2013-06-06 03:19:54');
/*!40000 ALTER TABLE `place_group` ENABLE KEYS */;


-- Dumping structure for table aapent_test.queue
DROP TABLE IF EXISTS `queue`;
CREATE TABLE `queue` (
  `queue_id` mediumint(9) NOT NULL AUTO_INCREMENT,
  `queue_type` char(50) NOT NULL COMMENT 'Predefined value',
  `queue_priority` tinyint(1) NOT NULL DEFAULT '0',
  `queue_arguments` text NOT NULL,
  `queue_occurence` tinyint(4) NOT NULL DEFAULT '1',
  `queue_error` tinyint(4) NOT NULL DEFAULT '0',
  `queue_updated` datetime DEFAULT NULL,
  `queue_registered` timestamp NOT NULL DEFAULT CURRENT_TIMESTAMP,
  PRIMARY KEY (`queue_id`)
) ENGINE=InnoDB AUTO_INCREMENT=21 DEFAULT CHARSET=utf8;


-- Dumping data for table aapent_test.queue: ~2 rows (approximately)
/*!40000 ALTER TABLE `queue` DISABLE KEYS */;
INSERT INTO `queue` (`queue_id`, `queue_type`, `queue_priority`, `queue_arguments`, `queue_occurence`, `queue_error`, `queue_updated`, `queue_registered`) VALUES
	(19, 'place', 0, '{\"places\":[\"7071\",\"7072\",\"7073\",\"7074\",\"7075\",\"7076\",\"7077\",\"7078\",\"7079\",\"7080\",\"7081\",\"7082\",\"7083\",\"7084\",\"7085\",\"7086\",\"7087\",\"7088\",\"7089\",\"7090\",\"7091\",\"7092\",\"7093\",\"7094\",\"7095\",\"7096\",\"7097\",\"7098\",\"7099\",\"7100\",\"7101\",\"7102\",\"7103\",\"7104\",\"7105\",\"7106\",\"7107\",\"7108\",\"7109\",\"7110\",\"7111\",\"7112\",\"7113\",\"7114\",\"7115\",\"7116\",\"7117\",\"7118\",\"7119\",\"7120\",\"7121\",\"7122\",\"7123\",\"7124\",\"7125\",\"7126\",\"7127\",\"7128\",\"7129\",\"7130\",\"7131\",\"7132\",\"7133\",\"7134\",\"7135\",\"7136\",\"7137\",\"7138\",\"7139\",\"7140\",\"7141\",\"7142\",\"7143\",\"7144\",\"7145\",\"7146\",\"7147\",\"7148\",\"7149\",\"7150\",\"7151\",\"7152\",\"7153\",\"7154\",\"7155\",\"7156\",\"7157\",\"7158\",\"7159\",\"7160\",\"7161\",\"7162\",\"7163\",\"7164\",\"7165\",\"7166\",\"7167\",\"7168\",\"7169\",\"7170\",\"7171\",\"7172\",\"7173\",\"7174\",\"7175\",\"7176\",\"7177\",\"7178\",\"7179\",\"7180\",\"7181\",\"7182\",\"7183\",\"7184\",\"7185\",\"7186\",\"7187\",\"7188\",\"7189\",\"7190\",\"7191\",\"7192\",\"7193\",\"7194\",\"7195\",\"7196\",\"7197\",\"7198\",\"7199\",\"7200\",\"7201\",\"7202\",\"7203\",\"7204\",\"7205\",\"7206\",\"7207\",\"7208\",\"7209\",\"7210\",\"7211\",\"7212\",\"7213\",\"7214\",\"7215\",\"7216\",\"7217\",\"7218\",\"7219\",\"7220\",\"7221\",\"7222\",\"7223\",\"7224\",\"7225\",\"7226\",\"7227\",\"7228\",\"7229\",\"7230\",\"7231\",\"7232\",\"7233\",\"7234\",\"7235\",\"7236\",\"7237\",\"7238\",\"7239\",\"7240\",\"7241\",\"7242\",\"7243\",\"7244\",\"7245\",\"7246\",\"7247\",\"7248\",\"7249\",\"7250\",\"7251\",\"7252\",\"7253\",\"7254\",\"7255\",\"7256\",\"7257\",\"7258\",\"7259\",\"7260\",\"7261\",\"7262\",\"7263\",\"7264\",\"7265\",\"7266\",\"7267\",\"7268\",\"7269\",\"7270\",\"7271\",\"7272\",\"7273\",\"7274\",\"7275\",\"7276\",\"7277\",\"7278\",\"7279\",\"7280\",\"7281\",\"7282\",\"7283\",\"7284\",\"7285\",\"7286\",\"7287\",\"7288\",\"7289\",\"7290\",\"7291\",\"7292\",\"7293\",\"7294\",\"7295\",\"7296\",\"7297\",\"7298\",\"7299\",\"7300\",\"7301\",\"7302\",\"7303\",\"7304\",\"7305\",\"7306\",\"7307\",\"7308\",\"7309\",\"7310\",\"7311\",\"7312\",\"7313\",\"7314\",\"7315\",\"7316\",\"7317\",\"7318\",\"7319\",\"7320\",\"7321\",\"7322\",\"7323\",\"7324\",\"7325\",\"7326\",\"7327\",\"7328\",\"7329\",\"7330\",\"7331\",\"7332\",\"7333\",\"7334\",\"7335\",\"7336\",\"7337\",\"7338\",\"7339\",\"7340\",\"7341\",\"7342\",\"7343\",\"7344\"],\"group_place\":6}', 1, 0, '2013-06-06 03:20:17', '2013-06-06 03:20:17');
INSERT INTO `queue` (`queue_id`, `queue_type`, `queue_priority`, `queue_arguments`, `queue_occurence`, `queue_error`, `queue_updated`, `queue_registered`) VALUES
	(20, 'place', 0, '{\"places\":[\"7345\",\"7346\",\"7347\",\"7348\",\"7349\",\"7350\",\"7351\",\"7352\",\"7353\",\"7354\",\"7355\",\"7356\",\"7357\",\"7358\",\"7359\",\"7360\",\"7361\",\"7362\",\"7363\",\"7364\",\"7365\",\"7366\",\"7367\",\"7368\",\"7369\",\"7370\",\"7371\",\"7372\",\"7373\",\"7374\",\"7375\",\"7376\",\"7377\",\"7378\",\"7379\",\"7380\",\"7381\",\"7382\",\"7383\",\"7384\",\"7385\",\"7386\",\"7387\",\"7388\",\"7389\",\"7390\",\"7391\",\"7392\",\"7393\",\"7394\",\"7395\",\"7396\",\"7397\",\"7398\",\"7399\",\"7400\",\"7401\",\"7402\",\"7403\",\"7404\",\"7405\",\"7406\",\"7407\",\"7408\",\"7409\",\"7410\",\"7411\",\"7412\",\"7413\",\"7414\",\"7415\",\"7416\",\"7417\",\"7418\",\"7419\",\"7420\",\"7421\",\"7422\",\"7423\",\"7424\",\"7425\",\"7426\",\"7427\",\"7428\",\"7429\",\"7430\",\"7431\",\"7432\",\"7433\",\"7434\",\"7435\",\"7436\",\"7437\",\"7438\",\"7439\",\"7440\",\"7441\",\"7442\",\"7443\",\"7444\",\"7445\",\"7446\",\"7447\",\"7448\",\"7449\",\"7450\",\"7451\",\"7452\",\"7453\",\"7454\",\"7455\",\"7456\",\"7457\",\"7458\",\"7459\",\"7460\",\"7461\",\"7462\",\"7463\",\"7464\",\"7465\",\"7466\",\"7467\",\"7468\",\"7469\",\"7470\",\"7471\",\"7472\",\"7473\",\"7474\",\"7475\",\"7476\",\"7477\",\"7478\",\"7479\",\"7480\",\"7481\",\"7482\",\"7483\",\"7484\",\"7485\",\"7486\",\"7487\",\"7488\",\"7489\",\"7490\",\"7491\",\"7492\",\"7493\",\"7494\",\"7495\",\"7496\",\"7497\",\"7498\",\"7499\",\"7500\",\"7501\",\"7502\",\"7503\",\"7504\",\"7505\",\"7506\",\"7507\",\"7508\",\"7509\",\"7510\",\"7511\",\"7512\",\"7513\",\"7514\",\"7515\",\"7516\",\"7517\",\"7518\",\"7519\",\"7520\",\"7521\",\"7522\",\"7523\",\"7524\",\"7525\",\"7526\",\"7527\",\"7528\",\"7529\",\"7530\",\"7531\",\"7532\",\"7533\",\"7534\",\"7535\",\"7536\",\"7537\",\"7538\",\"7539\",\"7540\",\"7541\",\"7542\",\"7543\",\"7544\",\"7545\",\"7546\",\"7547\",\"7548\",\"7549\",\"7550\",\"7551\",\"7552\",\"7553\",\"7554\",\"7555\",\"7556\",\"7557\",\"7558\",\"7559\",\"7560\",\"7561\",\"7562\",\"7563\",\"7564\",\"7565\",\"7566\",\"7567\",\"7568\",\"7569\",\"7570\",\"7571\",\"7572\",\"7573\",\"7574\",\"7575\",\"7576\",\"7577\",\"7578\",\"7579\",\"7580\",\"7581\",\"7582\",\"7583\",\"7584\",\"7585\",\"7586\",\"7587\",\"7588\",\"7589\",\"7590\",\"7591\",\"7592\",\"7593\",\"7594\",\"7595\",\"7596\",\"7597\",\"7598\",\"7599\",\"7600\",\"7601\",\"7602\",\"7603\",\"7604\",\"7605\",\"7606\",\"7607\",\"7608\",\"7609\",\"7610\",\"7611\",\"7612\",\"7613\",\"7614\",\"7615\",\"7616\",\"7617\",\"7618\",\"7619\",\"7620\",\"7621\",\"7622\",\"7623\",\"7624\",\"7625\",\"7626\",\"7627\",\"7628\",\"7629\",\"7630\",\"7631\",\"7632\",\"7633\",\"7634\",\"7635\",\"7636\",\"7637\",\"7638\",\"7639\",\"7640\",\"7641\",\"7642\",\"7643\",\"7644\",\"7645\",\"7646\",\"7647\",\"7648\",\"7649\",\"7650\",\"7651\",\"7652\",\"7653\",\"7654\",\"7655\",\"7656\",\"7657\",\"7658\",\"7659\",\"7660\",\"7661\",\"7662\",\"7663\",\"7664\",\"7665\",\"7666\",\"7667\",\"7668\",\"7669\",\"7670\",\"7671\",\"7672\",\"7673\",\"7674\",\"7675\",\"7676\",\"7677\",\"7678\",\"7679\",\"7680\",\"7681\",\"7682\",\"7683\",\"7684\",\"7685\",\"7686\",\"7687\",\"7688\",\"7689\",\"7690\",\"7691\",\"7692\",\"7693\",\"7694\",\"7695\",\"7696\",\"7697\",\"7698\",\"7699\",\"7700\",\"7701\",\"7702\",\"7703\",\"7704\",\"7705\",\"7706\",\"7707\",\"7708\",\"7709\",\"7710\",\"7711\",\"7712\",\"7713\",\"7714\",\"7715\",\"7716\",\"7717\",\"7718\",\"7719\",\"7720\",\"7721\",\"7722\",\"7723\",\"7724\",\"7725\",\"7726\",\"7727\",\"7728\",\"7729\",\"7730\",\"7731\",\"7732\",\"7733\",\"7734\",\"7735\",\"7736\",\"7737\",\"7738\",\"7739\",\"7740\",\"7741\",\"7742\",\"7743\",\"7744\",\"7745\",\"7746\",\"7747\",\"7748\",\"7749\",\"7750\",\"7751\",\"7752\",\"7753\",\"7754\",\"7755\",\"7756\",\"7757\",\"7758\",\"7759\",\"7760\",\"7761\",\"7762\",\"7763\",\"7764\",\"7765\",\"7766\",\"7767\",\"7768\",\"7769\",\"7770\",\"7771\",\"7772\",\"7773\",\"7774\",\"7775\",\"7776\",\"7777\",\"7778\",\"7779\",\"7780\",\"7781\",\"7782\",\"7783\",\"7784\",\"7785\",\"7786\",\"7787\",\"7788\",\"7789\",\"7790\",\"7791\",\"7792\"],\"group_place\":7}', 1, 0, '2013-06-06 03:20:21', '2013-06-06 03:20:21');
/*!40000 ALTER TABLE `queue` ENABLE KEYS */;


/*!40014 SET FOREIGN_KEY_CHECKS=1 */;
/*!40101 SET CHARACTER_SET_CLIENT=@OLD_CHARACTER_SET_CLIENT */;
